Video_ID	Name_of_Tch_1	gender
655608	Josh Paulsen	male
2108272	Alexis Haselberger	male
2998050	Alexis Haselberger	male
941752	Jeff Tan	male
1210442	Andrew Luttrell, Ph.D.	male
791690	Andrew Luttrell, Ph.D.	male
666956	Andrew Luttrell, Ph.D.	male
1415562	Andrew Luttrell, Ph.D.	male
650794	Andrew Luttrell, Ph.D.	male
500014	Andrew Luttrell, Ph.D.	male
1532040	Patrick Dang	male
1782908	Patrick Dang	male
1586110	Patrick Dang	male
466736	Gregory Caremans - Brain Academy	male
836842	Gregory Caremans - Brain Academy	male
277654	Gregory Caremans - Brain Academy	male
382966	Gregory Caremans - Brain Academy	male
361272	Gregory Caremans - Brain Academy	male
836874	Gregory Caremans - Brain Academy	male
1278936	Gregory Caremans - Brain Academy	male
945390	Gregory Caremans - Brain Academy	male
1412368	Gregory Caremans - Brain Academy	male
566378	Gregory Caremans - Brain Academy	male
1436164	Samara Wenten	female
477888	Chris Croft	male
1918258	Chris Croft	male
2355474	Chris Croft	male
3805684	Chris Croft	male
2355482	Chris Croft	male
1918256	Chris Croft	male
2727128	Chris Croft	male
2964360	Chris Croft	male
120600	Alexa Fischer	female
1258722	Alexa Fischer	female
19645	Alexa Fischer	female
1561606	Clare Lynch	female
3475640	John Rampton	male
2600276	Piotr Nabielec	male
1350272	Himesh Trivedi	male
479988	Denise Fletcher	female
586176	Denise Fletcher	female
988524	Lawrence M. Miller, Institute for Leadership Excellence	male
1136898	Lawrence M. Miller, Institute for Leadership Excellence	male
378718	Lawrence M. Miller, Institute for Leadership Excellence	male
370166	Lawrence M. Miller, Institute for Leadership Excellence	male
810960	Lawrence M. Miller, Institute for Leadership Excellence	male
1434492	Brad Merrill	male
1007674	Life Progression Project	female
1329878	Life Progression Project	female
1067526	Life Progression Project	female
1125316	Life Progression Project	female
1065962	Life Progression Project	female
1458490	Reneice Charles	female
1299614	Everett Bowes	male
2787956	Diane Flynn	female
802818	Kara Ronin	female
1284952	Kara Ronin	female
2522376	Ritu Riyat	female
615274	Tom Rath	male
1116388	Martin Meadows	male
720732	Martin Meadows	male
1054452	Martin Meadows	male
963970	Martin Meadows	male
563556	Joseph Liu	male
2323470	Alex Genadinik	male
2219428	Alex Genadinik	male
924746	Alex Genadinik	male
940976	Alex Genadinik	male
2218098	Alex Genadinik	male
460278	Alex Genadinik	male
704140	Alex Genadinik	male
798812	Alex Genadinik	male
571876	Silviu Marisk - Effective Learning Lab	male
732914	Silviu Marisk - Effective Learning Lab	male
636806	Silviu Marisk - Effective Learning Lab	male
328808	Silviu Marisk - Effective Learning Lab	male
1341646	Silviu Marisk - Effective Learning Lab	male
794670	Silviu Marisk - Effective Learning Lab	male
759492	Silviu Marisk - Effective Learning Lab	male
600500	Silviu Marisk - Effective Learning Lab	male
832282	Silviu Marisk - Effective Learning Lab	male
750264	Silviu Marisk - Effective Learning Lab	male
492596	Silviu Marisk - Effective Learning Lab	male
928248	Silviu Marisk - Effective Learning Lab	male
991578	Doru Catana	male
373312	Dr. Patricia Thompson	female
172336	Robin Hills	male
904526	Chris Haroun	male
982724	Chris Haroun	male
734706	Chris Haroun	male
951092	Chris Haroun	male
951090	Chris Haroun	male
195286	William U. Pena, MBA	male
342074	William U. Pena, MBA	male
1266526	Sivakami S ; MBA ; Ph.D (ongoing)	female
1389870	Sivakami S ; MBA ; Ph.D (ongoing)	female
1305520	Sivakami S ; MBA ; Ph.D (ongoing)	female
2656582	Sivakami S ; MBA ; Ph.D (ongoing)	female
1904280	Sivakami S ; MBA ; Ph.D (ongoing)	female
1400614	Sivakami S ; MBA ; Ph.D (ongoing)	female
2289147	Sivakami S ; MBA ; Ph.D (ongoing)	female
1332992	Sivakami S ; MBA ; Ph.D (ongoing)	female
1174274	Sivakami S ; MBA ; Ph.D (ongoing)	female
2448476	Sivakami S ; MBA ; Ph.D (ongoing)	female
2070433	Sivakami S ; MBA ; Ph.D (ongoing)	female
727262	Steve Ballinger, MBA	male
787618	Steve Ballinger, MBA	male
730594	Steve Ballinger, MBA	male
542342	Steve Ballinger, MBA	male
562796	Steve Ballinger, MBA	male
673574	Conscious Business Institute - Peter Matthies	male
672754	Conscious Business Institute - Peter Matthies	male
283336	Kimberly Law	female
400366	Kimberly Law	female
648530	Spacemakers Australia Pty Ltd	male
336172	Tom Weber	male
47285	Barry Mapp	male
83470	Barry Mapp	male
454722	Barry Mapp	male
756618	Serah Lister	female
1123940	Brian Tracy	male
1173748	Carla Howard	female
1328588	Kain Ramsay	male
184138	Kain Ramsay	male
677468	Kain Ramsay	male
433024	Kain Ramsay	male
592896	Kain Ramsay	male
604972	Kain Ramsay	male
627016	Kain Ramsay	male
184136	Kain Ramsay	male
343262	Kain Ramsay	male
586442	Kain Ramsay	male
974410	Kain Ramsay	male
608236	Kain Ramsay	male
1047330	Dave Espino	male
788372	Jawwad Siddiqui	male
1467252	Dr Karen E Wells	female
1292182	Dr Karen E Wells	female
1933710	Dr Karen E Wells	female
1844956	Dr Karen E Wells	female
1931790	Dr Karen E Wells	female
1351646	Dr Karen E Wells	female
1537740	Dr Karen E Wells	female
1112734	Dr Karen E Wells	female
1317082	Dr Karen E Wells	female
1781928	Dr Karen E Wells	female
1132660	Dr Karen E Wells	female
1535970	Dr Karen E Wells	female
1514204	Dr Karen E Wells	female
1295932	Dr Karen E Wells	female
1536066	Dr Karen E Wells	female
1514058	Dr Karen E Wells	female
1151744	Dr Karen E Wells	female
1547484	Dr Karen E Wells	female
1527124	Dr Karen E Wells	female
1995462	Dr Karen E Wells	female
1503396	Dr Karen E Wells	female
2683750	Dr Karen E Wells	female
1287854	Dr Karen E Wells	female
2213940	Dr Karen E Wells	female
2345358	Dr Karen E Wells	female
3554231	Dr Karen E Wells	female
2083068	Dr Karen E Wells	female
2324348	Dr Karen E Wells	female
1137652	Dr Karen E Wells	female
841348	Libby Seery Founder of Renaissance Life Therapies	female
545678	Libby Seery Founder of Renaissance Life Therapies	female
906654	Libby Seery Founder of Renaissance Life Therapies	female
544828	Libby Seery Founder of Renaissance Life Therapies	female
993294	Libby Seery Founder of Renaissance Life Therapies	female
790624	Libby Seery Founder of Renaissance Life Therapies	female
773952	Libby Seery Founder of Renaissance Life Therapies	female
765532	Libby Seery Founder of Renaissance Life Therapies	female
709696	Libby Seery Founder of Renaissance Life Therapies	female
793550	Libby Seery Founder of Renaissance Life Therapies	female
2456222	Roger Kay Allen, Ph.D.	male
405576	Roger Kay Allen, Ph.D.	male
2751628	Roger Kay Allen, Ph.D.	male
3077862	Roger Kay Allen, Ph.D.	male
2297798	Roger Kay Allen, Ph.D.	male
2473210	Richard Boothman	male
1596336	Marshall Goldsmith	male
1269024	Richard Saunders	male
38034	Katya Seberson	female
250516	PAUL CASTRO	male
789884	PAUL CASTRO	male
688432	Ken Wells	male
594242	Ken Wells	male
916588	Ken Wells	male
508338	Ken Wells	male
762874	Ken Wells	male
660532	Ken Wells	male
801050	Ken Wells	male
929358	Ken Wells	male
1001736	Ken Wells	male
372570	Joel Widmer	male
189086	Joel Widmer	male
392584	Keith R. Holden, M.D.	male
1632674	Patrick Howell	male
2204132	Patrick Howell	male
286690	Patrick Howell	male
2072037	Patrick Howell	male
2625070	Patrick Howell	male
1156984	Patrick Howell	male
671208	Lecturio GmbH	male
671052	Lecturio GmbH	male
672308	Lecturio GmbH	male
3584534	Gayle Van Gils	female
2381730	Trace Crawford	male
2419270	Trace Crawford	male
2419258	Trace Crawford	male
2408956	Trace Crawford	male
942320	Tara Brach, Ph.D.	female
2155970	Tara Brach, Ph.D.	female
2240978	Josh Linkner	male
1540380	Dr. Claudia Winkler LL.M. (Harvard)	female
2254556	Dinesh Rathi	male
190894	Stacey Tallitsch	male
190868	Stacey Tallitsch	male
473944	Stacey Tallitsch	male
378838	Stacey Tallitsch	male
1718950	Stacey Tallitsch	male
376472	Derek Franklin	male
633976	Derek Franklin	male
552524	Derek Franklin	male
2341092	Stuart Lancaster	male
1721592	Dr. David J. Lieberman	male
1421014	Michael Neill	male
619260	Joseph Phillips	male
698200	Joseph Phillips	male
352838	Matt Wong	male
633084	Em Winn	female
1379800	PracticalGrowth	male
2397370	Jack Kornfield, Ph.D.	male
1612050	GB Voice Academy	male
1518060	Nader Nadernejad	male
619690	Keith Ferrazzi	male
640620	Cha~zay Sandhriel Ph.D.	female
1514262	Cha~zay Sandhriel Ph.D.	female
1521136	Cha~zay Sandhriel Ph.D.	female
1518236	Cha~zay Sandhriel Ph.D.	female
52253	Cha~zay Sandhriel Ph.D.	female
1021738	Cha~zay Sandhriel Ph.D.	female
657730	Sorin Dumitrascu	male
1541778	Sorin Dumitrascu	male
700868	Sorin Dumitrascu	male
588442	Sorin Dumitrascu	male
422306	Sorin Dumitrascu	male
471704	Sorin Dumitrascu	male
545668	Sorin Dumitrascu	male
475634	Sorin Dumitrascu	male
506948	Sorin Dumitrascu	male
464914	Sorin Dumitrascu	male
607072	Sorin Dumitrascu	male
434058	Sorin Dumitrascu	male
854182	Sorin Dumitrascu	male
3389606	Sorin Dumitrascu	male
847114	Sorin Dumitrascu	male
578928	Sorin Dumitrascu	male
664538	Sorin Dumitrascu	male
630582	Sorin Dumitrascu	male
1347644	Alain W.	male
1362338	Alain W.	male
1892676	Alain W.	male
2843526	Kenny Media	male
959706	Learnsector LLP	female
1418155	Chris Hall	male
1713366	Andre Erving	male
996352	Scott Greene	male
1102452	Marc LeFevre	male
3826536	Judith Young Comer	female
550604	Kevin Allison	male
1309904	Vertex Learning	male
1221446	Vertex Learning	male
1217488	Maggie Stara	female
1265890	Dan Jones	male
190852	Dan Jones	male
936876	Dan Jones	male
2879462	Ivan Wanis Ruiz	male
3227547	Ivan Wanis Ruiz	male
2355914	Andrew LeMasters	male
1183316	Carl Pullein	male
1209910	Carl Pullein	male
379706	Michael Hetherington	male
647506	Michael Hetherington	male
1323892	Seyedali Mirjalili	male
726896	Philip Atkinson	male
2860806	Felix Harder	male
2623634	Felix Harder	male
2692326	Felix Harder	male
344418	Markus Amanto	male
1119698	Kristen Palana	female
322500	Kristen Palana	female
446108	Matthew Barnett	male
749048	Matthew Barnett	male
365362	Matthew Barnett	male
2516190	Matthew Barnett	male
3087414	Claudia Simonetto	female
3373624	Claudia Simonetto	female
3735538	Claudia Simonetto	female
1039124	Charlie Gilkey	male
735990	Darius Namdaran	male
1400948	Donna Galatas	female
660834	Chris Spink	male
745514	Chris Spink	male
285610	Kevin deLaplante	male
1992144	Peter Torok	male
1739952	Adam Piandes	male
1340894	Steven Liguori	male
1707930	Steven Liguori	male
2315158	Steven Liguori	male
1349980	Jason Link	male
1644918	Jason Link	male
1022794	Bill Aronson	male
1483618	Nandini Rathi	female
1743568	Chase Ellfeldt	male
2275853	David Barton	male
1586500	David Barton	male
1942484	Tania Magdalene	female
1348858	Tania Magdalene	female
699030	Tania Magdalene	female
2402282	Word Dancer	female
2733982	Eve Williams MMus	female
1594030	Management Study Guide	female
1504608	Management Study Guide	female
1723120	TJ Walker	male
280984	TJ Walker	male
296377	TJ Walker	male
2521854	TJ Walker	male
2876442	TJ Walker	male
351142	TJ Walker	male
3264174	TJ Walker	male
3196780	TJ Walker	male
3100628	TJ Walker	male
1553136	TJ Walker	male
3245114	TJ Walker	male
363252	TJ Walker	male
294638	TJ Walker	male
3153902	TJ Walker	male
342720	TJ Walker	male
343316	TJ Walker	male
363280	TJ Walker	male
2580026	TJ Walker	male
338792	TJ Walker	male
2518362	TJ Walker	male
3115688	TJ Walker	male
3859044	Deborah Grayson Riegel	female
1081340	Liz Makin	female
1157648	Steve Payne	male
304132	Dave Fox	male
650424	Dave Fox	male
907586	Rob Parnell	male
544600	Rob Parnell	male
3017800	Rebecca Martin	female
672578	Michael Christopher	male
938962	Brian Bee	male
394952	Tobias Atkins	male
2076402	Julian Jenkins	male
3550700	Julian Jenkins	male
3620646	Julian Jenkins	male
3738114	Julian Jenkins	male
3657354	Julian Jenkins	male
3330096	Julian Jenkins	male
3576655	Julian Jenkins	male
2230338	The Wiring Wizard	male
62086	Dr. Oscar Rodriguez, DET	male
1121344	Dr. Oscar Rodriguez, DET	male
813120	Sal Jade	male
3530976	Sal Jade	male
1991330	Chris Sivewright	male
732016	Chris Sivewright	male
1800988	Melissa Crowhurst	female
2653962	Vivian Kulaga, PhD	female
734134	Ros Place	female
1089368	Ros Place	female
740954	Ros Place	female
1317320	Ros Place	female
2365704	Waqas Hassan	male
1713928	Yuri Malishenko	male
1149896	Alastair Banks	male
2401810	Steve Anthony	male
847586	Sounds True	female
455146	Desmond Byram	male
605802	Todd Henry	male
369160	Jerry Jay Hunter	male
1167954	Academy of Film Fashion and Design	male
3296418	Ossama Mehmood	male
2231650	Manos Filippou	male
2064173	Manos Filippou	male
3404360	Marisa Lonic	female
531602	Richard N. Bolles	male
1141484	Pablo Mariana	male
396680	Jeremy Watson	male
1424258	Tim Goodenough	male
1323106	Harish Gulati	male
374962	Andrew Butcher	male
2806595	LinCademy for Training	male
448830	Splativity Project	male
1062898	Kenneth Warren	male
1365318	Paul Klipp	male
505258	Tanaaz Chubb	female
1595276	Deepika Khanna	female
3343874	Jakob Manthei	male
2728428	Sayed M. Naim Khalid	male
117100	Dean Dwyer	male
73210	Burt Richard	male
1010296	Damien Walter	male
1653664	Damien Walter	male
319042	Robin Booth	male
654542	Robin Booth	male
549848	Andrea Kjellin	female
66143	Debbie LaChusa	female
135046	Patryk Wezowski & Kasia Wezowski	male
1352554	Waleed Mokdad	male
2035914	Waleed Mokdad	male
2986586	Ken Tey	male
1796738	Thomas Carroll, PhD	male
2245682	Marc Wynn	male
2415220	Marc Wynn	male
36090	7 Keys Solutions	male
1454586	Mert Burian	male
1949428	Roland Costea	male
2684574	Paul Sloane	male
193824	Karlyn Borysenko	female
2315760	Robin & Jesper	male
3369752	Robin & Jesper	male
2065159	Peggy Guglielmino	female
378032	Adriane Hernandez	female
1302526	Peta Stephenson	female
2188092	Dr. Marshall	female
1237338	Justin Quinton	male
1350060	Justin Quinton	male
1434926	Justin Quinton	male
1582266	Dave Canterbury	male
699254	Duda Baldwin	female
698068	Duda Baldwin	female
618888	Dan O'Connor	male
1856086	Benjamin Pages	male
1550112	Benjamin Pages	male
453908	Steve Hudson	male
481130	Chris Kyle	male
1642638	Emma Warren-Brown BSc (Hons), Cert. Ed.	female
2729528	Hassan Osman	male
241526	Akash Karia	male
470398	Joe Fedison	male
717046	Joe Fedison	male
2094656	Brad S.C. Smith	male
1192364	KW Professional Organizers	female
1511640	KW Professional Organizers	female
868884	Timothy Kenny	male
1214140	Timothy Kenny	male
1253348	Timothy Kenny	male
922280	Timothy Kenny	male
419684	Timothy Kenny	male
1496292	Prof Alina Kislenko	female
958978	School of Leadership	male
1330228	School of Leadership	male
3073786	School of Leadership	male
1720356	Amine Benyakoub	male
2151152	Ghramae Johnson	male
2775510	Amer Taha- courseyo	male
3302978	Amer Taha- courseyo	male
3303144	Amer Taha- courseyo	male
558014	Abhishek V R - Ofpad	male
2876230	Imran Afzal (300,000+ students)	male
1810816	George Patriki	male
1356614	George Patriki	male
3374896	Matt Walter	male
595010	Neil O'Nova	male
430396	Tom Scarrella	male
530710	Tom Scarrella	male
539756	Tom Scarrella	male
871794	Marshall Stern	male
3161726	Kevin Ellerton	male
2622518	Antwon Martin	male
288066	Street Smart University	male
128544	Tammy Hendrix, LCSW	female
374904	Dragos Stefanescu	male
2586438	Max Durdant-Hollamby	male
822208	Gregg Swanson	male
3478326	Orna Ben-Shoshan	female
2945484	Orna Ben-Shoshan	female
109852	Tim Clark	male
1199916	Timur Kazantsev	male
1407314	Tatiana Ambrose	female
1343832	Tatiana Ambrose	female
1776974	Tatiana Ambrose	female
749432	Tatiana Ambrose	female
1407308	Tatiana Ambrose	female
884716	Ken Wilber	male
1702424	Susie Macklin	female
2000252	Susie Macklin	female
3382642	Karen Wickre	female
377218	Don Hussey	male
2441138	TJ Guttormsen	male
3060534	TJ Guttormsen	male
2711092	TJ Guttormsen	male
3632484	TJ Guttormsen	male
237148	Infinite Skills	male
1311926	Barry Bertollini	male
2016652	Roma Waterman	female
2324988	Andrei Antoniu	male
602640	Dries Couckuyt	male
30203	Richard Vannoy II	male
1650264	Steven Burns	male
638078	Paresh P Chitnis	male
1453209	Paresh P Chitnis	male
1453247	Paresh P Chitnis	male
463318	Kristen Crabtree	female
4198410	Jamal Lazaar	male
1001842	Kamlesh Thakur	male
3226937	Mathew Thomas	male
805666	Kashif A.	male
751294	J.T. O'Donnell	female
205942	Muhammad Ahsan Pervaiz	male
2546557	Hadil Herzallah	female
908360	Teagan Fea	female
426760	365 Careers	male
2732370	Barbara Kyle	female
2070509	Ed Foychuk	male
624816	Gareth Kane	male
33145	Alex Garcez	male
37868	Alex Garcez	male
914276	Jason Sanders	male
844480	Debbie Godfrey	female
85580	TeachUcomp, Inc.	female
2219216	Mihai Alexandru Gafar	male
694116	Julie Ann Price	female
1344746	Idriz Zogaj	male
1609596	Helge Opedal	male
3116390	Ayman Hamza	male
1258434	Rohit Sethi	male
1254992	Rohit Sethi	male
1258612	Rohit Sethi	male
1259306	Rohit Sethi	male
1258674	Rohit Sethi	male
1255070	Rohit Sethi	male
1258394	Rohit Sethi	male
3439406	Aditi Goyal	female
1321586	Mohammed Saeed	male
406978	Mohammed Saeed	male
2909982	Dr. Leire Zuniga	male
924674	Presence Institute of Image Consulting Pvt. Ltd.	unknown
1082736	Jordan Harry	male
2730720	Alan Keane	male
505648	Sandy Silverthorne	male
1508306	Ganesha Pandian N	unknown
4007410	Ali Young	male
569950	Larissa Swart	female
3117452	Bikendra Thapa	male
1890280	Emma McAdam	female
1679476	Hamza Zaouali	male
2127082	Prathap G	male
541506	Productivity Learn	male
1717070	Angelfish Academy	female
1279140	Skill Boosters	male
284246	Todd Fernandez	male
2120356	Todd Fernandez	male
2075324	Mohmood Valimohamed	male
176962	E Lessing	male
399040	Vincent Vermeulen	male
1965588	Vincent Vermeulen	male
1529326	Krishan Chahal	male
3313696	Tobi Odunowo	male
2397388	Gabriel Soltren	male
1890008	Stacey Oflanagan	female
2214318	Stacey Oflanagan	female
1245026	Caitlin P.	female
511796	Circles University	male
2449964	Kevin Chung	male
1109748	Sofia Santiago, PhD International Award-Winning Speaker and Author	female
3249664	Jack Tran	male
2963378	JM Ekhteyari	male
2318504	Long Road Instructors	male
3399524	Homayoun Sadeghi, MD	male
1962332	Linda Taimre	female
712202	Dovid Krafchow	male
1130742	Katherine Watren	female
525494	Katie Chambers	female
385896	Chris Johnstone	male
2131392	Muhammad Ali	male
1280280	Ray Maor	male
1122372	Kellie Chasse	female
1015186	Kellie Chasse	female
800916	Kellie Chasse	female
1490852	Kellie Chasse	female
880048	Kellie Chasse	female
398400	Bob Francis	male
1379586	James Bruce	male
2346242	James Bruce	male
1107304	Chris M Nemo	male
1454566	Chris M Nemo	male
313174	Felix Thea	male
324974	Sebastian Glockner	male
2363952	Dr. Deepak Mashru	male
538284	Stefan Petrucha	male
4048228	Calvin Lee, CPA, CA, MBA	male
1437038	Bryan Guerra	male
2996282	Bryan Guerra	male
63594	Luke Greenacre	male
2412230	albert spinosa	male
2648332	David Gollasch	male
2595808	Ina Ilie	female
2650128	Ina Ilie	female
418222	Edite Amorim	female
3531326	Jerad Hill	male
1010460	Eric Byrd	male
1015962	Coursetake Interview Preparation	female
860960	Daniela Hills	female
3079104	Rajat Tewari	male
2999138	Janosch Herrmann	male
1059518	Martin King	male
1208168	Anna Akbari	female
4186040	Mike Elon	male
4229850	Mike Elon	male
697724	Dan LeFebvre	male
935288	Dan LeFebvre	male
840140	Lance Wills	male
1523692	Dr. J's Psychology	female
1324270	Rachel Papworth	female
343336	Danilo Tambone, PMP, PSM I, PMI-ACP, ITIL, Agile Productivity Expert	male
983632	Miriam Lenoff M.S	female
2422386	deborah casey	female
2807947	deborah casey	female
334902	Nicola Valentine	female
836680	Nicola Valentine	female
1870422	Advanced Innovation Group Pro Excellence (AIGPE)	male
845972	Ross Blaikie	male
1186734	LP Group â€“	male
140786	Joy Phoenix	female
4135128	Upskill Labs	female
4056892	Upskill Labs	female
1012066	Loony Corn	male
1013288	Loony Corn	male
1382886	Leon Chaudhari	male
1151232	Leon Chaudhari	male
1312698	Andrew PM Tse	male
1199794	Andrew PM Tse	male
1279268	Andrew PM Tse	male
3264680	Muhammad Zeeshan	male
2746858	Ann Martin	female
3539752	Anghel Marty	male
2645594	Srinidhi Ranganathan	male
2052119	Srinidhi Ranganathan	male
1231042	The Muse	male
1905156	Andre Klapper, PhD	male
309066	Michelle Campbell-Scott	female
1214850	Serena Greenslade F.V.C.M. (Hons), A.N.E.A.	female
1892252	Serena Greenslade F.V.C.M. (Hons), A.N.E.A.	female
1612532	Serena Greenslade F.V.C.M. (Hons), A.N.E.A.	female
3427574	Tanaya Acharekar- Mohe	female
1272256	Calvin Torra	male
605750	Mauricio Rubio - Agile Guru & Founder of AgileKB | AgileLee & Ureducation	male
2936844	James Seriph	male
498506	Stan Hustad	male
3585602	Stephen Law	male
2549401	Iben Sandahl	female
1125328	Rajiv Narang	male
2138160	Demian Haye Magic Vibrations Healing	male
2705464	Demian Haye Magic Vibrations Healing	male
2644110	Demian Haye Magic Vibrations Healing	male
2639196	Oren Abbou	male
893964	Jorge Rico	male
535336	Jay Forte	male
813718	Katie Sheen	female
2069393	ZandaX Training	male
1512764	Lekan Ahmed	male
3763034	Steven Hassan, PhD	male
613512	Ramesha Nani	male
637826	Katie McLaughlin	female
4034744	Shervin House	male
1532412	Dr Neil Thompson	male
3505128	Bryan Cairns	male
903772	Pablo Rosario	male
1796858	Ali Haider	male
1553738	Ali Haider	male
2785188	Mounir Boutaib	male
746550	Stephen (Steve) King	male
1222072	Randy Hyde PhD	male
1394404	Randy Hyde PhD	male
1396806	Randy Hyde PhD	male
1411656	Randy Hyde PhD	male
3316532	Peter Alkema	male
3256058	Peter Alkema	male
326106	Dove - Virtual Teacher	unknown
2142854	Duncan Murdoch	male
413508	Majo Jacinto	female
2665072	Abdullah Y?lmaz	male
3427858	Hassan Syed	male
3114000	Kanika Mehrotra	female
3482220	Manas Roy	male
3407840	Jong Sontze	male
698704	David Naylor	male
3555517	Jose Ucar	male
3548126	Jose Ucar	male
3777638	Jose Ucar	male
1985814	Kevin Spence (Pr Eng, BSc Eng)	male
499008	iKE ALLEN	male
3778772	Zehra Elif Zevulun	female
1309582	Rizwan Ayaan	male
1308482	Rizwan Ayaan	male
2351134	Glory Boyadzhieva	female
697438	International Speech and Debate Academy	female
1479488	Chief Jeff Rolfe	male
1484379	Study Hero	male
442286	Lynn Marie Sager	female
319664	Tania DeSa	female
3915522	Nicholas James Gill Pearce	male
3140144	Garnett Cross	male
2456260	Nafeez Imtiaz	male
1642938	Daragh Walsh	male
2275491	Advanced Ideas, Inc	male
2312768	Advanced Ideas, Inc	male
2286225	Advanced Ideas, Inc	male
328928	Brian Cliette	male
2323884	Joshua Schmude	male
2460976	Brendon Lemon	male
2201816	Edwin Diaz	male
1149200	Karlijn L'Ortye	female
1467960	Business Hero	male
89412	Highwire Business Academy	female
89256	Highwire Business Academy	female
250852	Toomas Ounap	male
3953528	Pete Donarski	male
1114538	Panache Desai	male
866408	Geoff Shaw	male
1290466	Matt Artisan	male
1560348	Gordon Tredgold	male
952956	Jeffrey Kelly	male
2313386	The Internet Wolf	male
3773182	Scott Jansen	male
3596132	Scott Jansen	male
3877864	Scott Jansen	male
121950	Stella Grizont	female
2170098	Frank Valentine	male
1983664	Faith Hill	female
503806	Akanksha (Akanksshaa) Kulkarni	female
542972	Mike Elmore	male
582626	Prue Madden	female
1420386	Kevin Volo	male
1488690	Magdy Aly	male
1421078	Magdy Aly	male
646526	Phill Cronin	male
1643770	A.J. Parr	male
3046340	Alex Evans, PharmD, MBA	male
3550790	Marc Hamill	male
375696	Danny Zacharias	male
532168	Danny Zacharias	male
1341612	Hannan Tariq	male
2859792	Dr Dipen Shah	male
817890	Gwyneth Box	female
92446	Dr. Richard Walters	male
153034	Dr. Richard Walters	male
2003354	Noah ?Merriby	male
2055795	Noah ?Merriby	male
749948	Dr. Stuart Pattico	male
680930	Dr. Stuart Pattico	male
800248	Dr. Stuart Pattico	male
3253720	Sameer Nagi	male
3574887	Lokesh Kumar Lakhotia - NetEdu Academy	male
774744	Aaryn Longmore	male
635514	Matthew Key	male
399334	Alin Vrancila	male
494152	Sharon Ramel	female
452884	Sharon Ramel	female
117662	Patricia H. Roberts	female
1499090	Tom Wiztek	male
1437648	Tom Wiztek	male
1437626	Tom Wiztek	male
2767348	Toni Puhle	male
2509562	Shore Scripts	male
2260258	Asher Rubinstein	male
1315046	Hilary Phillips	female
1555326	farookh sensei	male
394340	Joel Young	male
908192	Aisha Borel	female
743502	Andrew St.Pierre White	male
1578722	Le'Siran Edwards	male
228900	Matt Lewis	male
2373232	Farill Farook	male
1382426	Dekker Fraser, MBA	male
924712	Vladimir Raykov	male
405180	Silvio A C Gollega Jr	male
2382955	Ma Barakat	andy
2445534	Ma Barakat	andy
2811161	Alina Lepak	female
312564	Osamede Arhunmwunde	male
724922	Christian Heath	male
689776	Angelica King	female
2634964	TechSckool By Vijay	male
964262	J L Sumpter, M.S.	male
806892	Rob Howze	male
490754	John Williams	male
407442	Steve Churchill	male
385066	Greg Vanderford	male
1025490	Des Lawton	male
2666562	Lesson Pros	female
1337550	Boomy Tokan	male
1327236	Boomy Tokan	male
3932160	OMG - Mastermind	male
3641270	Sufani Garza	female
605240	Expert Academy	me
546960	Florentin Leo	male
1785208	Scott Grierson	male
2701354	Yossi Vanunu	male
870748	Michael Rucker	male
3941236	Digital Dash	unknown
1303550	Khalid Mansour	male
1639288	Jeremy Lipkowitz, M.A.	male
1699582	Lorraine Lohner, MBA, BS Pharm	female
408060	Harald Lepisk	male
213254	Nic Olney	male
690380	Marc Guberti	male
1646848	Khaled Mousa	male
2754868	Mike Marinus	male
83594	Jeffrey Alan Schechter	male
2769282	Dr. Bev Knox	female
1227630	Bertie Brits	male
2347918	Georgios Grigorakis	male
375032	Alan Kirwan	male
1976728	Matt Stephenson	male
3597942	Sankalp Chhabra	male
3335246	Sankalp Chhabra	male
89744	Jason Shah	male
3669072	Yasir Mehmood	male
4116480	Yasir Mehmood	male
3452988	Stan Cerulus	male
1670456	Acumen Academy Courses	female
3681302	Felix Haller	male
2508854	Nikoloz Sanakoevi	male
466772	Richard Feenstra	male
206894	Richard Feenstra	male
1045720	Mervan Polat	male
1891438	Daniel Amevor, P. Eng., CMRP, CRE, PMP.	male
2591038	Gabriel Wallace	male
2074444	Penelope Badger	female
523190	Colin Holding	male
3953058	Dr. Jilesh Thilakan	male
1241064	Alan Jarvis	male
633526	David James Ault	male
354140	Bob Baker	male
2188604	Drew Case	male
3302248	Ngan Tran _Harvard Leadership Graduate	female
4315528	Elizabeth Pierce	female
318490	Amy Hebdon	female
47929	Camillo Loken	male
2318796	Ar. Mala Dwivedi	female
1094662	Prof. Michael McIntyre	male
1433442	Cory J. Steinhauer	male
48424	Angela R Loeb	female
969766	Josh Withrow	male
2941328	Cindy Little	female
2608138	Neven Coaching Academy	male
2864798	Emma Lau	female
572194	David Hyner	male
1296322	Mary Allison Brown, MSW	female
1767494	Sprintzeal Americas Inc.	male
1624746	Chanti Niven	male
3832678	Heba Elshamy	female
1137678	Mayte Urena	female
808664	Imageworks Pte Ltd	female
2993806	Crystal Hutchinson Tummala, J.D.	female
1437348	Rev. Devan Jesse Byrne	male
3321918	Katiuscia Baggio, ICF Coach	female
3164996	Marilee Nielsen	female
3089018	Marilee Nielsen	female
1618404	Harry Dewulf	male
681174	Shu Huang Chen	male
886108	Shu Huang Chen	male
368516	Michele Poff, PhD	female
3262426	Sandor van Laar	male
726250	Lana Bamiro, DrPH, MPH, MBA, LSSGB	female
3127990	Kevin Michael O'Doherty	male
3904028	Sarzhan Jakonova	female
3904040	Sarzhan Jakonova	female
1349678	Jean-Gabriel Paquette	female
2057665	Experts Zone	female
634074	Alicia Washington	female
3543626	Ramy Safwat Ibrahim	male
3234691	Stephen Fawcett	male
2132038	Sarah Kasule	female
2519178	Brett Henderson	male
1952202	Micki McNie	female
2479064	Julio Herrera	male
2228680	Jasmina Vukonjanski	female
148928	Tim David	male
1275936	Brandon Christopher	male
2424908	Mohammad Hamdan	male
687134	Mayur Bardolia	male
1402672	Gil Stieglitz	male
2995310	Alexander Kolesnikov	male
1104838	Ryan Lecour	male
1077486	Jake Coo	male
370264	Andrew Tarvin	male
893306	Gregory Traymar	male
998368	Nicole Vasilescu	female
1105892	Gabriella Kortsch	female
683954	Nina Harrington	female
2725888	Rajib Roy Choudhary	male
1326766	Jacob Lethbridge	male
3108160	Ira Israel	female
3358238	Dilip Jetty	male
3295220	Sinan Cetiner	male
971080	Sam Kneller	male
861140	Thomas White	male
1982572	Karin Patya	female
1153444	Kshitij Prasai (Coach KP)	male
3452540	Monika Murugesan	female
3200110	Expert Online	male
3189738	Mandar Apte	male
718742	Louanne Saraga Walters, MS HNFM	male
1719944	Helpful And Fast Media	male
3490216	Ak?n Ka?an Akcal?	male
3007948	Mahmoud Mabrouk	male
497350	Kamal Sucharan Burri	male
2333138	Yogesh vermani	male
3850986	Everest Creative Academy	male
1316786	Siim Land	male
572912	Daniel Munro	male
815810	Ian Stables	male
729758	Ankit Singhai	male
1088566	Anya Achtenberg	female
681980	Gilad James, PhD	male
1188382	Lucia Grosaru	female
1771976	Susmita Dutta	female
1058472	Professor Nez: Personal Branding Coach	male
2512674	Estelle Black	female
3670420	Lara Louise	female
342744	Julie Sando	female
2225664	Scott Onstott	male
1623038	Gopinath Chandra Das	female
2555207	Heather Frederick	female
1143184	WILLIAM DELUCA	male
2992140	Dr. Dheeraj Mehrotra	male
1867962	Swiftcult Ltd	unknown
3170506	Lockie Phillips	male
1147162	Tony Valentino	male
4030992	US #1 Best-Selling Author | Dan Agervig Hansen	male
2469696	AD Chauhdry (AD Maths Plus Academy)	unknown
790426	Chantal Burns	female
1187714	Gordon Reynolds	male
2527450	Kashish Wadhwani	female
4310550	Dr. Priya Nalkur	female
404904	Mark Desvaux	male
3091284	Alina Sletten	female
2107816	S.M. WAQAS IMAM	male
1140322	Natalie Ledwell	female
1238168	Amin Sherani	male
3155226	Michael Cho	male
3711992	Soufiane El Alaoui	male
