seller_ID	num_faces	face_proximity
0KrB1vPYoX	1	0.49
0KrB4AdxOX	1	0.71
0KrB87E0OX	0	
0KrBGVGYRX	1	0.49
0KrBNaM9rX	1	0.49
0KrBP8lkOX	1	0.49
0KrBb29xrX	1	0.34
0KrBdydOXa	1	0.49
0KrBeVJLoX	1	0.49
0KrBlJ3kOX	1	0.49
0KrBn5jJrX	1	0.49
0KrBpKNQOX	1	0.49
0KrBqQLLoX	1	0.49
0KrBw2KQRX	1	0.34
0KrBx0xwOX	1	0.49
14Og2LEYRE	1	0.71
14Og3En5OE	1	0.49
14OgBjkLRE	1	0.49
14OgE8MYrE	1	0.49
14OgG27JOE	1	0.49
14OgJZ4qRE	1	0.49
14OgQW8jrE	1	0.49
14OgbE39RE	1	0.49
14OgbJL5RE	1	0.49
14OgdYZjoE	1	0.49
14Ogjx19RE	1	0.49
14Ogk2MWOE	1	0.49
14Ogn2qJRE	1	0.49
14OgnxLBRE	1	0.49
14Ogx6GLoE	1	0.49
14OgxGwjoE	1	0.49
1VRj0EL2oz	1	0.34
1VRj15yVrz	1	0.49
1VRj8pKZoz	1	0.49
1VRjDj02oz	1	0.49
1VRjGE59Oz	1	0.71
1VRjGKLKOz	1	0.49
1VRjKz89Oz	1	0.49
1VRjXY2oz2	1	0.49
1VRjXdLKoz	1	0.49
1VRjgmmnOz	1	0.49
1VRjkPn4Oz	1	0.49
1VRjlZVZoz	1	0.49
1VRjmvmGrz	1	0.49
1VRjnyd9Rz	1	0.49
1VRjpMp8oz	1	0.49
1VRjv5DqRz	1	0.71
1VRjw8WVOz	1	0.49
1oZ00eJARK	1	0.49
1oZ0NbxnRK	1	0.49
1oZ0NqD3RK	1	0.49
1oZ0V2EARK	1	0.49
1oZ0eebxRK	1	0.71
1oZ0gpX6RK	1	0.49
1oZ0kKLxRK	1	0.49
1oZ0negWRK	0	
1oZ0p3VGRK	1	0.49
1oZ0pJ8nRK	1	0.49
1oZ0pKZnRK	1	0.49
1oZ0vGk5RK	1	0.49
1oZ0wM3GRK	0	
1oZ14jaGOK	1	0.49
1oZ16e8nOK	1	0.49
1oZ1Ez3AOK	1	0.49
1oZ1JnJWOK	1	0.49
1oZ1L8zgOK	1	0.71
1oZ1Lnq3OK	1	0.49
1oZ1MJG6OK	1	0.49
1oZ1NbWdOK	1	0.49
1oZ1QxdnOK	1	0.49
1oZ1VLeGOK	1	0.49
1oZ1ZQq5OK	1	0.49
1oZ1jv3AOK	1	0.49
1oZ1wWW3OK	1	0.49
1oZ1yvzdOK	1	0.49
1oZ1zlxWOK	1	0.49
1oZ31J9grK	1	0.34
1oZ36w7nrK	1	0.49
1oZ3712GrK	1	0.49
1oZ38wxdrK	1	0.49
1oZ3Bn95rK	1	0.71
1oZ3Bp6nrK	1	0.49
1oZ3JZ26rK	1	0.49
1oZ3XPzWrK	1	0.49
1oZ3bB93rK	1	0.49
1oZ3yyPlrK	1	0.49
1oZy0V6gOK	1	0.49
1oZy2k7WOK	1	0.49
1oZy5P73OK	1	0.49
1oZy92wWOK	1	0.49
1oZyD68AOK	1	0.49
1oZyEdwAOK	1	0.49
1oZyKyg6OK	0	
1oZyMqm5OK	1	0.49
1oZyVPWxOK	1	0.49
1oZyWnnlOK	1	0.49
1oZyeDbAOK	1	0.49
1oZygG15OK	1	0.49
1oZyjAwxOK	1	0.49
1oZyjxdgOK	1	0.49
1oZyv6WxOK	1	0.49
1oZywyZ3OK	1	0.49
1oZyxeelOK	1	0.49
2Nop0GkKoD	1	0.71
2Nop2ZG8RD	1	0.49
2Nop44mloD	1	0.49
2Nop5beWrD	0	
2Nop6Y9eRD	1	0.49
2Nop6aW1RD	1	0.49
2Nop8lG8oD	1	0.49
2Nop9ZYYrD	1	0.49
2Nop9xbKrD	1	0.49
2NopAyxWrD	1	0.49
2NopJjvxRD	1	0.49
2NopJw6NRD	1	0.49
2NopKDpNOD	1	0.71
2NopQY8xrD	1	0.49
2NopY57jrD	1	0.34
2NopejQlrD	1	0.49
2NopvzmNRD	1	0.49
3OP319dXRN	1	0.49
3OP33l8VRN	1	0.49
3OP375E4RN	1	0.49
3OP38GWdRN	1	0.49
3OP3EXqVRN	1	0.49
3OP3EYvVRN	1	0.49
3OP3WVJmRN	1	0.49
3OP3YDk4RN	1	0.49
3OP3bVYlRN	1	0.49
3OP3bna4RN	1	0.49
3OP3ekXzRN	1	0.71
3OP3jWNmRN	1	0.49
3OP3lealRN	1	0.49
3OP3nwz1RN	0	
3OP3w8zzRN	1	0.49
3OP3xPPzRN	1	0.49
3OPB220drN	1	0.71
3OPB7LbzrN	1	0.49
3OPB7WBdrN	1	0.49
3OPBB0AXrN	1	0.49
3OPBKEkgrN	1	0.49
3OPBL6dVrN	1	0.49
3OPBLLdvrN	1	0.71
3OPBLMYVrN	1	0.49
3OPBLQp1rN	1	0.49
3OPBLgvXrN	1	0.49
3OPBLnM0rN	1	0.49
3OPBLnddrN	1	0.49
3OPBVyZ0rN	0	
3OPBWDG0rN	1	0.49
3OPBWzwXrN	1	0.49
3OPBggZzrN	1	0.49
3OPBndzmrN	1	0.49
3OPBnk0VrN	1	0.49
3OPBy0YlrN	0	
3OPBy2Z4rN	1	0.49
3OPByP71rN	1	0.49
3OPBzDvvrN	1	0.49
3OPV0VNvrN	1	0.49
3OPV0pNgrN	1	0.49
3OPV1G1mrN	1	0.49
3OPV1MB4rN	1	0.49
3OPV2xbvrN	1	0.49
3OPV32egrN	1	0.49
3OPV42m4rN	1	0.49
3OPV5AyzrN	1	0.34
3OPV6JNmrN	1	0.49
3OPV7kK1rN	1	0.49
3OPV8KMmrN	1	0.49
3OPV8M80rN	1	0.49
3OPV8mvgrN	1	0.71
3OPVBMAXrN	1	0.49
3OPVEeWvrN	1	0.49
3OPVJNK4rN	1	0.49
3OPVJP80rN	1	0.49
3OPVK0QVrN	1	0.49
3OPVKkv1rN	1	0.49
3OPVLKDvrN	1	0.71
3OPVLL94rN	1	0.49
3OPVLjW0rN	1	0.49
3OPVWJ74rN	0	
3OPVZmmdrN	1	0.49
3OPVa6WXrN	1	0.49
3OPVbpQXrN	1	0.49
3OPVdbmdrN	1	0.49
3OPVdyA4rN	1	0.49
3OPVg1kdrN	1	0.49
3OPVk77grN	1	0.49
3OPVq6q4rN	0	
3OPw0LZzRN	1	0.49
3OPw0vQ4RN	1	0.49
3OPw2W61RN	1	0.49
3OPw3YW0RN	1	0.49
3OPw5QlzRN	1	0.49
3OPw76mdRN	1	0.49
3OPw7WEgRN	1	0.49
3OPw8Gm0RN	1	0.49
3OPw8x8zRN	1	0.49
3OPw96vgRN	1	0.49
3OPwApEmRN	1	0.49
3OPwB92gRN	0	
3OPwBLV4RN	1	0.49
3OPwDL5gRN	1	0.49
3OPwG7YvRN	1	0.49
3OPwGL2vRN	1	0.49
3OPwGNVXRN	1	0.49
3OPwK6wdRN	1	0.49
3OPwKYezRN	1	0.71
3OPwMqgvRN	1	0.49
3OPwPklVRN	1	0.49
3OPwaJMdRN	1	0.71
3OPwaP6lRN	1	0.34
3OPwdqzVRN	1	0.49
3OPwjbJ4RN	1	0.49
3OPwnM4mRN	1	0.34
3OPwqmJ1RN	1	0.49
3OPwvW44RN	1	0.49
3OPwvypmRN	1	0.71
3OPwyz7mRN	1	0.71
3rK11xn8OD	1	0.49
3rK137V3OD	1	0.49
3rK13meZOD	1	0.34
3rK16ln3OD	1	0.49
3rK189nKOD	1	0.49
3rK1D3q7OD	1	0.49
3rK1E6aJOD	1	0.71
3rK1EvDBOD	1	0.49
3rK1GP23OD	1	0.49
3rK1K3X9OD	1	0.49
3rK1KVKGOD	1	0.49
3rK1NawGOD	1	0.49
3rK1PByZOD	1	0.49
3rK1PWEGOD	1	0.49
3rK1WVZGOD	1	0.49
3rK1Z4P3OD	1	0.49
3rK1b6pGOD	1	0.49
3rK1mYj8OD	1	0.49
3rK1pKnwOD	1	0.49
3rK1xkn7OD	1	0.49
3rK1z2vYOD	1	0.49
3rKA057BOD	1	0.49
3rKA0kWJOD	1	0.49
3rKA0zXZOD	1	0.49
3rKA3J5BOD	0	
3rKA4GzZOD	1	0.49
3rKA6lzKOD	1	0.71
3rKAKdwGOD	1	0.34
3rKAL65wOD	1	0.49
3rKANA6wOD	1	0.49
3rKANlx9OD	1	0.49
3rKAW95YOD	1	0.49
3rKAWkb3OD	1	0.34
3rKAXqQKOD	1	0.49
3rKAeAz8OD	1	0.49
3rKAeYbBOD	1	0.49
3rKJ0PYZoD	1	0.71
3rKJ7E88oD	1	0.49
3rKJ86WBoD	1	0.71
3rKJJ1l8oD	1	0.49
3rKJJVd8oD	1	0.49
3rKJPX9BoD	1	0.49
3rKJY3N3oD	1	0.49
3rKJglDJoD	1	0.49
3rKm0ea8OD	1	0.49
3rKm19QwOD	1	0.49
3rKm1eAKOD	0	
3rKm6bNGOD	1	0.71
3rKm6xE8OD	1	0.49
3rKm6xGZOD	0	
3rKmA273OD	1	0.49
3rKmDwM7OD	1	0.49
3rKmJJ9KOD	1	0.49
3rKmJn0JOD	1	0.71
3rKmMvJ8OD	1	0.49
3rKmNvJ9OD	1	0.49
3rKmNyMwOD	1	0.49
3rKmgL8GOD	1	0.49
3rKmqGwwOD	1	0.49
3rKmwXW9OD	1	0.49
3rKmzLWYOD	1	0.49
3rKmzPzKOD	1	0.71
3rn34D6LRa	1	0.49
3rn34pnPRa	1	0.49
3rn35ANPRa	1	0.49
3rn35x8aRa	1	0.71
3rn3BkL6Ra	1	0.49
3rn3EN30Ra	1	0.71
3rn3EwbPRa	1	0.71
3rn3MWMDRa	1	0.49
3rn3ZvV1Ra	1	0.34
3rn3bxPeRa	1	0.49
3rn3n4MLRa	1	0.49
3rn3pjQ7Ra	1	0.49
3rn3qgBnRa	1	0.49
3rn3vPleRa	1	0.49
3rn3wLXDRa	1	0.71
3rn3yzV1Ra	1	0.49
3rn419jeOa	1	0.49
3rn49akaOa	1	0.49
3rn4a4v0Oa	1	0.49
3rn4mQg0Oa	1	0.49
3rn4nmg6Oa	1	0.49
3rna0PyPoa	1	0.49
3rna2p4Woa	1	0.49
3rnaBMa6oa	1	0.49
3rnaDY3Loa	1	0.34
3rnaDd06oa	1	0.49
3rnaJ5n7oa	1	0.49
3rnaKJ36oa	1	0.49
3rnaMmNeoa	1	0.49
3rnaMvd1oa	1	0.49
3rnaPDp6oa	1	0.49
3rnaWWLWoa	1	0.49
3rnadPJ0oa	1	0.49
3rnak8M1oa	1	0.49
3rnakVXPoa	0	
3rnakxM1oa	1	0.49
3rnapXe0oa	0	
3rnaxm0Loa	1	0.49
3rnaxzy6oa	1	0.49
3rnz1lJWra	1	0.49
3rnz1wW6ra	1	0.49
3rnz1wX1ra	1	0.49
3rnz3Y77ra	1	0.49
3rnz3ZKara	1	0.49
3rnz3baDra	1	0.49
3rnz4Vgnra	1	0.49
3rnz4pX6ra	1	0.49
3rnz4qJnra	1	0.34
3rnz4yVera	1	0.49
3rnzBDVWra	1	0.49
3rnzBWyara	1	0.49
3rnzKb7Wra	1	0.49
3rnzNX6nra	1	0.49
3rnzQnz1ra	1	0.71
3rnzQpmLra	1	0.34
3rnzaDp7ra	1	0.49
3rnzaPqPra	1	0.49
3rnzdP4Lra	1	0.49
3rnzdk6Wra	1	0.49
3rnzmwe1ra	1	0.49
3rnzvEbLra	1	0.71
3rnzvWx0ra	1	0.49
3rnzyPyWra	1	0.49
3rnzz5Z7ra	1	0.49
3rnzzKEara	1	0.49
4AoG00e9rv	1	0.49
4AoG0Bwqrv	1	0.49
4AoG0GvBrv	1	0.71
4AoG2QxVOv	1	0.49
4AoG9j2PRv	1	0.49
4AoG9qe9Rv	1	0.34
4AoGG4kPov	1	0.71
4AoGGGb8ov	1	0.49
4AoGJEQ1Ov	0	
4AoGJl02Ov	1	0.49
4AoGJvn8Ov	1	0.49
4AoGJzGBOv	1	0.49
4AoGM3k9Rv	1	0.49
4AoGN6j7Ov	1	0.49
4AoGXJZzrv	1	0.71
4AoGY719Rv	1	0.49
4AoGayPzRv	0	
4AoGb2D9Ov	1	0.49
4AoGbpAxOv	1	0.49
4AoGkzvxov	1	0.49
4AoGxkn2rv	1	0.49
4AoGxnVqrv	1	0.49
4AoGyEMPRv	1	0.71
4Og10wVWrE	1	0.49
4Og16085rE	1	0.49
4Og1Jy1WrE	1	0.49
4Og1NN2jrE	1	0.49
4Og1QlgBrE	1	0.49
4Og1WQDLrE	1	0.49
4Og1XlzPrE	1	0.49
4Og1XnxBrE	1	0.49
4Og1d5YJrE	1	0.49
4Og1g6jWrE	1	0.49
4Og1gZKYrE	1	0.49
4Og1vqj9rE	1	0.49
4OgQ4q5JrE	1	0.49
4OgQ4xPjrE	1	0.49
4OgQMkwBrE	1	0.34
4OgQQQ0YrE	1	0.49
4OgQW4d5rE	1	0.49
4OgQdG3jrE	1	0.49
4OgQdbDPrE	1	0.49
4OgQkb05rE	1	0.49
4OgQn9xqrE	1	0.49
4OgQng6WrE	1	0.49
4Ogj2AQWRE	1	0.49
4OgjBlp5RE	1	0.49
4OgjJp69RE	1	0.49
4OgjjebYRE	1	0.49
4OgjlVqPRE	1	0.34
4OgjlWNLRE	1	0.49
4OgjlX9WRE	1	0.49
4OgjlXybRE	1	0.34
4OgjwWkLRE	1	0.49
4OgjzDqBRE	1	0.49
4OgjzGPYRE	1	0.49
4OgjzeVJRE	1	0.49
4Ogn0w3PRE	1	0.49
4Ogn19PPRE	1	0.49
4Ogn74EqRE	1	0.49
4Ogn7K2WRE	0	
4Ogn8l5LRE	1	0.71
4OgnB76LRE	0	
4OgnEA35RE	1	0.34
4OgnP9lPRE	1	0.49
4OgnVBG9RE	1	0.49
4OgnX0nLRE	1	0.71
4OgnYkBLRE	1	0.49
4OgnZKpjRE	1	0.49
4OgnZq0bRE	1	0.49
4OgnepNWRE	1	0.49
4OgnnLxWRE	1	0.49
4Ogny20JRE	1	0.34
5kOq17B3Oe	1	0.49
5kOq1pdpOe	1	0.49
5kOq2JPEoe	1	0.49
5kOqBD8Eoe	1	0.49
5kOqBkzkoe	1	0.49
5kOqDlW8Re	1	0.71
5kOqEQx5Oe	1	0.49
5kOqGvEgre	1	0.49
5kOqKn38re	1	0.49
5kOqKyZ8re	1	0.71
5kOqQlv1Oe	1	0.49
5kOqWDw5re	1	0.49
5kOqX3yzRe	1	0.49
5kOqXNa8Re	1	0.49
5kOqb9xEoe	1	0.49
5kOqbAL5oe	1	0.49
5kOqdzL0Re	1	0.49
5kOqe6YkOe	1	0.71
5kOqeG1pOe	1	0.49
5kOqggkgre	1	0.49
5kOqnwNzoe	1	0.49
5kOqvxL8oe	1	0.49
5kOqx85ReD	1	0.49
5kOqyp64Oe	0	
5kOqyxJkOe	1	0.49
5kOqz724oe	1	0.49
5kOqz8g3oe	1	0.71
5ko30KqPrN	1	0.71
5ko30gYPrN	1	0.49
5ko34d27rN	1	0.34
5ko38YG9rN	1	0.49
5ko39LZDRN	1	0.71
5ko39Y51RN	1	0.49
5ko3BDgkON	1	0.49
5ko3Bp5PON	1	0.49
5ko3D7pArN	1	0.49
5ko3K3kAoN	1	0.49
5ko3NAYvON	1	0.49
5ko3W639oN	1	0.49
5ko3WBDaoN	1	0.49
5ko3X2nPrN	1	0.49
5ko3XDlvrN	1	0.49
5ko3ZdeAON	0	
5ko3bpw9ON	1	0.49
5ko3dQ11rN	1	0.49
5ko3dz0PrN	1	0.49
5ko3kQL9oN	1	0.49
5ko3lE94rN	1	0.49
5ko3zAw9ON	1	0.49
5o031NZPOg	1	1.26
5o032BP7Og	1	0.49
5o032ekJOg	1	0.49
5o036VM7Og	1	0.49
5o039gjwOg	1	0.71
5o03B2pwOg	1	0.49
5o03BYBPOg	1	0.49
5o03DlZ7Og	1	0.49
5o03LBeQOg	1	0.49
5o03M1ykOg	1	0.49
5o03MV7POg	1	0.49
5o03XknwOg	1	0.49
5o03dqaNOg	1	0.49
5o03elp7Og	1	0.49
5o03g157Og	1	0.49
5o03gkbJOg	1	0.49
5o03j3B1Og	1	0.49
5o03nzXDOg	0	
5o03q53POg	1	0.49
5o03qvMwOg	1	0.34
5o03wz6POg	1	0.49
5o03x52ZOg	1	0.71
5o03xZMwOg	1	0.71
5o03yVyDOg	1	0.49
5o0470BJog	1	0.71
5o0494aZog	0	
5o049ZWQog	1	0.49
5o04EmzPog	1	0.49
5o04PbQJog	1	0.49
5o04X2Pkog	1	0.49
5o04XdnPog	1	0.49
5o04XjvDog	1	0.49
5o095Jywrg	1	0.71
5o09KxpQrg	1	0.49
5o09Nl11rg	1	0.49
5o09VPj1rg	1	0.49
5o09X64Qrg	1	0.49
5o09d3NDrg	1	0.34
5o09gkp1rg	1	0.71
5o09jZl7rg	1	0.34
5o09lWZDrg	1	0.49
5o09nBWkrg	1	0.71
5o09v3kDrg	1	0.49
5o09w2lQrg	1	0.49
5o0Q6kWQrg	1	0.49
5o0Q8XKwrg	1	0.49
5o0Q8bXNrg	1	0.49
5o0Q96k1rg	1	0.49
5o0Q9jZJrg	1	0.49
5o0QDLmDrg	1	0.49
5o0QEnV1rg	0	
5o0QEqGwrg	1	0.49
5o0QG9EQrg	1	0.49
5o0QL10krg	1	0.49
5o0QZ5LGrg	1	0.49
5o0QZ7dDrg	0	
5o0Qm83wrg	1	0.49
5o0Qv21wrg	1	0.71
5o0Qx7wDrg	1	0.49
5r4Q1qLxRK	1	0.49
5r4QAJbzRK	1	0.49
5r4QDv77RK	1	0.34
5r4QabjaRK	1	0.49
5r4Qqx9aRK	1	0.49
5r4QqxdzRK	1	0.49
5r4QxyvaRK	1	0.49
5r4VANvQOK	1	0.49
5r4VAlWpOK	1	0.49
5r4VAnDAOK	1	0.49
5r4VEp5POK	1	0.49
5r4VPL2xOK	1	0.49
5r4VQ8nxOK	1	0.49
5r4VQBY1OK	1	0.71
5r4VQLlaOK	1	0.49
5r4VQXdaOK	1	0.49
5r4VVB7yOK	1	0.49
5r4VWaKzOK	1	0.71
5r4VZBzPOK	1	0.49
5r4VaEMpOK	1	0.49
5r4VaYNpOK	1	0.49
5r4VqyLpOK	1	0.49
5r4VyX6pOK	1	0.49
5r4W1lA1oK	1	0.49
5r4W6d8aoK	1	0.49
5r4W6mwxoK	1	0.49
5r4WEvvxoK	1	0.49
5r4WJbM7oK	1	0.49
5r4WNQjPoK	1	0.71
5r4WQdJyoK	1	0.49
5r4Wa05poK	1	0.71
5r4WbkBgoK	1	0.49
5r4WgYPxoK	1	0.49
5r4WjNgyoK	1	0.34
5r4Wjz7yoK	1	0.49
5r4WmbayoK	1	0.49
5r4WnXx1oK	1	0.71
5r4WnYx7oK	1	0.49
5r4Wpy4PoK	1	0.49
5r4WqwGgoK	1	0.49
5r4WvJapoK	1	0.49
5r4WxMb7oK	1	0.49
5r4qLzN1RK	1	0.49
5r4qQlkyRK	1	0.49
5r4qWDVARK	1	0.49
5r4qWqJgRK	1	0.49
5r4qZMd7RK	1	0.49
5r4qZN8yRK	1	0.49
5r4qdBVxRK	1	0.49
5r4qpdDQRK	1	0.49
5r4qq26xRK	1	0.49
5r4qv0qaRK	1	0.71
5r4qwWn1RK	1	0.49
5r4qzXxARK	1	0.71
7AR911J7Rm	1	0.49
7AR91NdqRm	1	0.49
7AR93VA9om	1	0.49
7AR93gqvom	1	0.49
7AR95JevRm	1	0.49
7AR98xLjrm	1	0.49
7AR9Bee9Om	1	0.49
7AR9E4w3Rm	1	0.49
7AR9K6x3om	1	0.49
7AR9L1W7rm	1	0.49
7AR9MQNjRm	1	0.49
7AR9P333rm	1	0.34
7AR9PPyerm	1	0.49
7AR9PZy9rm	1	0.49
7AR9Qy9eRm	1	0.49
7AR9VXN3Om	1	0.49
7AR9Zl1qOm	1	0.34
7AR9kAjqom	1	0.49
7AR9kaGqom	1	0.34
7AR9llW9rm	1	0.49
7AR9lx6vrm	1	0.49
7AR9p33rmN	1	0.49
7AR9y7k7Rm	1	0.49
7AR9yW81Rm	1	0.49
8OQ007xQRJ	1	0.49
8OQ03VNBRJ	1	0.71
8OQ03vpNRJ	1	0.49
8OQ05qvNRJ	1	0.49
8OQ073PZRJ	1	0.49
8OQ07dJNRJ	1	0.49
8OQ07lLeRJ	1	0.49
8OQ0JJVQRJ	1	0.49
8OQ0JyPYRJ	1	0.49
8OQ0eg1QRJ	1	0.49
8OQ0gdGpRJ	1	0.49
8OQ0kN6pRJ	1	0.49
8OQ0klVJRJ	1	0.49
8OQ0mpJZRJ	1	0.49
8OQ0pWlWRJ	1	0.49
8OQ0pm5nRJ	1	0.49
8OQ0pn4JRJ	1	0.49
8OQ0qXQnRJ	1	0.49
8OQ0vv5JRJ	1	0.49
8OQ0y07YRJ	1	0.49
8OQ0y71WRJ	1	0.71
8OQ0yJ4YRJ	1	0.49
8OQ0z1J4RJ	1	0.71
8OQ0zvAeRJ	1	0.34
8OQJ9wk4oJ	1	0.49
8OQJB4DnoJ	0	
8OQJD684oJ	1	0.49
8OQJEJNJoJ	1	0.49
8OQJEp7NoJ	1	0.49
8OQJEqzBoJ	1	0.49
8OQJZ2jJoJ	1	0.49
8OQJgB9poJ	1	0.49
8OQJw4PNoJ	1	0.49
8OQV09k4oJ	1	0.71
8OQV0K1YoJ	1	0.71
8OQV10xBoJ	1	0.49
8OQV2WNZoJ	1	0.49
8OQV69LnoJ	1	0.49
8OQV8bj4oJ	1	0.49
8OQVAaW4oJ	1	0.71
8OQVEvj4oJ	1	0.71
8OQVJYeWoJ	1	0.49
8OQVK2yeoJ	1	0.49
8OQVQnGYoJ	1	0.49
8OQVXm0JoJ	1	0.49
8OQVY9KYoJ	1	0.49
8OQVYWYZoJ	1	0.49
8OQVaYkpoJ	1	0.49
8OQVg9AQoJ	1	0.49
8OQVmKWpoJ	1	0.49
8OQVpD64oJ	1	0.49
8OQVwlxQoJ	1	0.49
8OQq0xz4OJ	1	0.49
8OQq109WOJ	1	0.49
8OQq4b3YOJ	1	0.34
8OQqDE1BOJ	1	0.49
8OQqE1v4OJ	0	
8OQqGbpBOJ	1	0.49
8OQqGnMNOJ	1	0.49
8OQqKdYeOJ	1	0.49
8OQqMM1NOJ	1	0.49
8OQqPvpWOJ	1	0.49
8OQqe47YOJ	1	0.49
8OQqe6jBOJ	1	0.49
8OQqlMgJOJ	1	0.49
8OQqmEvZOJ	1	0.49
8OQqwLeYOJ	1	0.49
8OQqwwWWOJ	1	0.49
8OQqxnkpOJ	1	0.49
8OQqxzEBOJ	1	0.49
8Rk80bY6Oj	1	0.49
8Rk82JPQOj	1	0.49
8Rk82k0zOj	0	
8Rk84N7wOj	0	
8Rk870lwOj	0	
8Rk874pQOj	1	0.49
8Rk875VlOj	1	0.49
8Rk87K40Oj	1	0.49
8Rk884NMOj	1	0.49
8Rk88BW8Oj	1	0.49
8Rk89MG0Oj	1	0.49
8Rk89lz8Oj	1	0.49
8Rk8A66nOj	1	0.49
8Rk8GMq5Oj	1	0.49
8Rk8JXvwOj	1	0.49
8Rk8K6LQOj	1	0.71
8Rk8MZQ2Oj	1	0.49
8Rk8MZyQOj	1	0.34
8Rk8QjQ2Oj	1	0.49
8Rk8W65MOj	1	0.49
8Rk8ZV58Oj	1	0.49
8Rk8bVYQOj	1	0.71
8Rk8dVy8Oj	1	0.49
8Rk8eBzzOj	1	0.49
8Rk8gWWlOj	1	0.49
8Rk8jx8zOj	1	0.49
8Rk8k0NlOj	1	0.49
8Rk8l1w5Oj	1	0.71
8Rk8qd0QOj	1	0.49
8Rk8xmPnOj	1	0.49
8Rk8y145Oj	1	0.49
8RkD8nBwOj	1	0.49
8RkDB982Oj	1	0.49
8RkDBYq6Oj	1	0.49
8RkDDZj2Oj	1	0.49
8RkDE97QOj	1	0.49
8RkDLPE2Oj	1	0.49
8RkDa8GQOj	1	0.71
8RkDaBz0Oj	1	0.49
8RkDj3x6Oj	1	0.49
8RkDjbb8Oj	1	0.49
8RkDp0K2Oj	1	0.49
8RkDp2J5Oj	0	
8RkDpWJwOj	1	0.49
8RkDpn1wOj	1	0.49
8RkDpy20Oj	0	
8RkDqMy2Oj	1	0.49
8RkDvLP5Oj	1	0.49
8RkDw58nOj	0	
8RkDwBmwOj	1	0.49
8RkDwY1nOj	1	0.49
8RkDwk3nOj	0	
8RkDwz5QOj	1	0.49
8RkDzJe8Oj	1	0.49
8RkJ6VP5rj	1	0.49
8RkJ6bglrj	1	0.49
8RkJ8Xy0rj	1	0.49
8RkJ96B0rj	1	0.49
8RkJBJlnrj	1	0.49
8RkJJp1zrj	1	0.49
8RkJMb2zrj	1	0.49
8RkJPn3Qrj	1	0.49
8RkJQXvMrj	1	0.49
8RkJV2aMrj	1	0.49
8RkJVd7Mrj	1	0.49
8RkJW3pQrj	1	0.49
8RkJaq45rj	1	0.49
8RkJawgQrj	1	0.49
8RkJdkGnrj	1	0.49
8RkJe42wrj	1	0.49
8RkJjdVlrj	1	0.49
8RkJm7Elrj	1	0.49
8RkJq3JQrj	1	0.49
8RkJqQpnrj	1	0.49
8RkJxZLMrj	1	0.49
8RkJzB0Mrj	0	
8Rka2GKwoj	1	0.49
8Rka2gAMoj	1	0.49
8Rka4pxloj	1	0.49
8Rka7g6noj	1	0.49
8Rka7xqnoj	1	0.49
8Rka8VM5oj	1	0.49
8Rka9L7loj	1	0.49
8RkaE262oj	1	0.71
8RkaGgZ8oj	0	
8RkaGnx0oj	0	
8RkaK9JQoj	1	0.49
8RkaMAVloj	1	0.49
8RkaN3a2oj	0	
8RkaPzj2oj	1	0.49
8RkaQMq8oj	1	0.49
8RkaVnq6oj	1	0.49
8RkaXGP8oj	1	0.49
8RkaY4Nnoj	1	0.49
8RkaYaDloj	1	0.49
8Rkaal05oj	1	0.71
8Rkabk2Moj	1	0.49
8Rkadmxwoj	1	0.49
8RkakKKzoj	1	0.71
8RkalQlnoj	1	0.71
8RkanZ68oj	1	0.49
8RkaqqP0oj	1	0.49
8Rkax0mMoj	1	0.49
8RkayKM5oj	1	0.49
8oY1196Voa	1	0.49
8oY11z4Voa	1	0.49
8oY13jw9oa	1	0.49
8oY1682Xoa	1	0.49
8oY175KVoa	1	0.49
8oY17wMXoa	1	0.71
8oY17zpYoa	0	
8oY19wLyoa	1	0.49
8oY1GNG3oa	1	0.49
8oY1LgKQoa	0	
8oY1N1pQoa	1	0.49
8oY1NK2woa	1	0.71
8oY1P3kVoa	1	0.49
8oY1PgZmoa	1	0.49
8oY1akAYoa	1	0.49
8oY1gqp9oa	1	0.49
8oY1kEZyoa	1	0.71
8oY1kJ4Boa	1	0.71
8oY1nDABoa	1	0.49
8oY1qX1woa	1	0.49
8oY1vXzBoa	1	0.49
8oY74X1VRa	1	0.49
8oY77ayJRa	1	0.49
8oY78kDQRa	1	0.49
8oY7ABn9Ra	1	0.49
8oY7Avq3Ra	1	0.71
8oY7G6kBRa	1	0.71
8oY7GAZyRa	1	0.49
8oY7Gj9VRa	0	
8oY7KLp9Ra	1	0.49
8oY7MeJBRa	1	0.49
8oY7NvV3Ra	1	0.49
8oY7QBLJRa	1	0.49
8oY7QxL3Ra	1	0.49
8oY7eVEBRa	1	0.49
8oY7gzZyRa	1	0.49
8oY7jj7wRa	1	0.49
8oY7nv1QRa	1	0.71
8oY7vnYyRa	1	0.71
8oY7wg4QRa	1	0.49
8oY7wqBJRa	1	0.71
8oYY1jxQoa	0	
8oYY2G1woa	1	0.49
8oYY2YMJoa	1	0.49
8oYY4aQVoa	1	0.49
8oYY557Yoa	1	0.49
8oYY5VE3oa	1	0.71
8oYY65vBoa	0	
8oYY7AmBoa	1	0.49
8oYYAVgmoa	1	0.49
8oYYJ3Q9oa	1	0.34
8oYYKmvmoa	1	0.49
8oYYMygQoa	1	0.49
8oYYNnqwoa	1	0.49
8oYYW5aBoa	1	0.49
8oYYXVE9oa	1	0.49
8oYYXxdmoa	1	0.49
8oYYaeJVoa	1	0.49
8oYYaj7Yoa	1	0.71
8oYYavv3oa	1	0.49
8oYYg07Xoa	0	
8oYYg1AYoa	1	0.71
8oYYjnBBoa	1	0.49
8oYYm9kXoa	1	0.49
8oYYmxKXoa	1	0.49
8oYYnEJBoa	1	0.49
8oYYqnAYoa	1	0.71
8oYYz9mJoa	1	0.49
8oYz10mBra	1	0.49
8oYz241Bra	1	0.71
8oYz5MJYra	1	0.49
8oYz64AVra	1	0.49
8oYz7N9Jra	1	0.49
8oYz7pGwra	1	0.49
8oYzDJWBra	1	0.49
8oYzDjKyra	1	0.49
8oYzK4Kwra	1	0.49
8oYzKV3Bra	1	0.49
8oYzKZMQra	1	0.49
8oYzKypVra	1	0.49
8oYzLvE3ra	1	0.49
8oYzM389ra	1	0.49
8oYzPwd3ra	1	0.49
8oYzPyk9ra	1	0.49
8oYzWP7Vra	1	0.49
8oYzWbVVra	1	0.49
8oYzWqmVra	1	0.49
8oYzXV9mra	1	0.49
8oYzXYVJra	1	0.49
8oYzXZWVra	1	0.49
8oYzXem9ra	1	0.49
8oYzY24Vra	1	0.49
8oYzzVQmra	1	0.49
A3rn40pnOa	1	0.49
A3rn5kNDoa	1	0.49
A3rn6dnWra	1	0.49
A3rn76zDRa	1	0.49
A3rnBNv6ra	1	0.49
A3rnBkP7ra	1	0.49
A3rnBqK0ra	1	0.49
A3rnLkZ6Oa	1	0.34
A3rnQ7WWoa	1	0.49
A3rnQKkDoa	1	0.49
A3rnVw77ra	1	0.49
A3rnWJaRaQ	1	0.49
A3rnb0AWra	1	0.49
A3rnbnJDra	1	0.49
A3rndqQnOa	1	0.34
A3rnkzm1Ra	1	0.34
A3rnxQwaOa	1	0.49
A3rny3EWoa	1	0.49
AR960mm9Om	1	0.49
AR962BbeOm	1	0.49
AR963jV7Om	1	0.49
AR9645vjOm	1	0.49
AR965jp9Om	1	0.49
AR9665XMOm	1	0.71
AR968Mm2Om	1	0.49
AR969k7MOm	1	0.49
AR96EexqOm	1	0.49
AR96JyvqOm	1	0.49
AR96LGD1Om	1	0.49
AR96MYN1Om	1	0.49
AR96WV4MOm	0	
AR96X1J7Om	1	0.34
AR96dPQeOm	1	0.49
AR96jdEjOm	1	0.49
AR96y3e7Om	1	0.49
AR96y9weOm	1	0.49
AR9K6KdPom	1	0.49
AR9KJPm2om	1	0.49
AR9KKKBqom	1	0.49
AR9KPebvom	1	0.49
AR9Ka562om	1	0.49
AR9Kpz0eom	1	0.49
AR9KvBNPom	1	0.49
AR9KxgY7om	1	0.49
AR9KznGPom	1	0.49
AR9L2kb9rm	0	
AR9L31G9rm	1	0.49
AR9L6e0qrm	1	0.49
AR9LGG39rm	1	0.49
AR9LaBnqrm	1	0.49
AR9LgzWjrm	1	0.49
AR9LmGverm	1	0.78
AR9LqLV3rm	1	0.49
AR9Lqk9Prm	1	0.49
AR9LqxLqrm	1	0.49
AR9LvMA2rm	1	0.49
AR9LzYaqrm	1	0.49
AR9P03yerm	1	0.49
AR9P2Gp2rm	1	0.49
AR9P38B3rm	1	0.49
AR9P50Yerm	1	0.71
AR9P7A97rm	1	0.49
AR9PD6X9rm	1	1.26
AR9PDkx1rm	1	0.49
AR9PExp7rm	1	0.49
AR9PQE27rm	1	0.34
AR9PXX81rm	1	0.49
AR9PaV07rm	1	0.49
AR9PegK1rm	1	0.49
AR9Pg7Germ	1	0.49
AR9Pgxm3rm	1	0.49
AR9PnyG3rm	1	0.49
AR9PnyVMrm	1	0.49
AR9PpXzqrm	1	0.49
AR9Pwgv2rm	1	0.34
AaRa3V0DoV	1	0.49
AaRa4NDkrV	1	0.49
AaRaK99boV	1	0.34
AaRaNk0zOV	1	0.34
AaRaQZLjRV	1	0.49
AaRaVJzLOV	1	0.71
AaRaXGDLrV	1	0.49
AaRadBENrV	1	0.71
AaRadp8NrV	1	0.49
AaRady6DrV	1	0.49
AaRae01lRV	1	0.49
AaRakWn3oV	1	0.49
AaRal3EkrV	1	0.49
AaRal3yDrV	1	0.49
AaRalavzrV	1	0.49
AaRanqEkOV	1	0.49
AaRawmploV	1	0.49
AaRayBkqRV	1	0.49
Ajr50Vveod	1	0.49
Ajr51J8Vrd	1	0.49
Ajr51Qywrd	1	0.49
Ajr547YLod	1	0.49
Ajr59kLrdb	1	0.49
Ajr5E99rdb	1	0.49
Ajr5Emwwrd	1	0.49
Ajr5JbakRd	1	0.49
Ajr5N2YLRd	1	0.49
Ajr5Nq0nRd	1	0.71
Ajr5Vaz9Rd	1	0.49
Ajr5X0awod	1	0.49
Ajr5X7lAod	1	0.49
Ajr5YnEkrd	1	0.49
Ajr5Yzkkrd	1	0.49
Ajr5akvQrd	1	0.49
Ajr5bK7VRd	1	0.49
Ajr5ga29Od	1	0.49
Ajr5jx99Rd	1	0.49
Ajr5p7xQod	1	0.49
Ajr5wzQwOd	1	0.49
Ajr5zN82Rd	1	0.71
AoG32Xyzov	1	0.49
AoG37ml8ov	1	0.49
AoG38121ov	1	0.49
AoG38jLPov	1	0.49
AoG3MZ07ov	1	0.71
AoG3Wy18ov	1	0.71
AoG3gl2Bov	1	0.49
AoG3kPZPov	0	
AoG3p3n8ov	0	
AoG3qdx1ov	0	
AoG3vBjxov	1	0.49
AoG3xbv7ov	1	0.49
AoG3yYd2ov	1	0.49
AoG56bd1Rv	1	0.49
AoG57P41Rv	1	0.71
AoG58epPRv	1	0.49
AoG5A3p2Rv	1	0.49
AoG5DxExRv	1	0.49
AoG5JVGBRv	1	0.49
AoG5KjJPRv	1	0.49
AoG5NEQzRv	1	0.49
AoG5PN8qRv	1	0.49
AoG5bxMBRv	1	0.49
AoG5kYdPRv	1	0.71
AoG5kxWxRv	1	0.49
AoG5nJdzRv	1	0.49
AoG5qKy8Rv	1	0.49
AoG5qqpPRv	1	0.49
AoG5vVJ1Rv	1	0.49
AoG5vwkVRv	1	0.49
AoG5y3bxRv	1	0.49
AoGm5X6xRv	1	0.49
AoGm5nXPRv	1	0.49
AoGm5vYBRv	1	0.49
AoGmJAJqRv	1	0.49
AoGmJqpqRv	1	0.49
AoGmLVePRv	0	
AoGmVP7xRv	1	0.49
AoGmg5bxRv	1	0.49
AoGmgky2Rv	1	0.49
AoGmj1xqRv	1	0.49
AoGml5x8Rv	1	0.49
AoGmp42qRv	1	0.34
AoGmx6g7Rv	1	0.49
AoGmzEExRv	1	0.34
AoGmzNQ9Rv	1	0.71
AoGx15jBrv	1	0.49
AoGxEDD2rv	1	0.49
AoGxNbZzrv	1	0.49
AoGxP119rv	1	0.49
AoGxPdNBrv	1	0.71
AoGxWE42rv	1	0.49
AoGxXZkqrv	1	0.34
AoGxkYQBrv	1	0.49
AoGxkl21rv	1	0.49
AoGxkl6Brv	1	0.49
AoGxlJmPrv	1	0.49
AoGxlez9rv	1	0.49
AoGxpv61rv	1	0.49
AoGxy67qrv	1	0.49
AoGxyaPPrv	1	0.49
Ayrv146Eon	1	0.49
Ayrv1vXeon	1	0.49
Ayrv5qK9on	1	0.49
Ayrv66V0rn	1	0.34
AyrvB9Pnrn	1	0.49
AyrvDpynOn	1	0.34
AyrvMzv0on	1	0.49
AyrvWl3pRn	1	0.49
AyrvbgVKrn	1	0.49
Ayrvbnldrn	1	0.49
AyrvgPg9Rn	1	0.71
Ayrvk4lmRn	1	0.49
AyrvkaXKRn	1	0.49
AyrvkybpRn	1	0.49
AyrvzEpdrn	1	0.49
BO720lDAR9	1	0.71
BO722xjmR9	1	0.49
BO727PwmR9	1	0.49
BO72AM2dR9	1	0.34
BO72Exx9R9	1	0.49
BO72GLp9R9	1	0.71
BO72JKJ4R9	1	0.49
BO72NVA6R9	0	
BO72NvLER9	1	0.49
BO72YvBAR9	1	0.49
BO72dVDJR9	1	0.49
BO72kWMdR9	1	0.49
BO72lqEmR9	0	
BO72qL3qR9	1	0.49
BO72xDGdR9	1	0.49
BO734ey9O9	1	0.49
BO734kn4O9	1	0.49
BO738l6mO9	1	0.49
BO73AKg9O9	1	0.49
BO73Kvm9O9	1	0.49
BO73XBYWO9	0	
BO73Z3bEO9	0	
BO73a9PqO9	0	
BO73d0w6O9	1	0.49
BO73jkN6O9	1	0.49
BO73kXK4O9	1	0.71
BO73q5K4O9	1	0.49
BO7Z9Xm4R9	1	0.71
BO7ZEDdqR9	1	0.49
BO7ZG74dR9	1	0.49
BO7ZJDndR9	1	0.49
BO7ZMyxAR9	1	0.71
BO7ZWY3ER9	1	0.49
BO7ZXgZ4R9	1	0.49
BO7ZZZx4R9	1	0.34
BO7ZnJYmR9	1	0.49
BO7ZpAEmR9	1	0.23
BO7ZpEY9R9	1	0.49
BO7m4Q49r9	1	0.49
BO7mDXM4r9	1	0.49
BO7mGBkWr9	1	0.49
BO7mK1nAr9	1	0.49
BO7mKDgmr9	1	0.49
BO7mVn1Jr9	1	0.49
BO7mZ2mAr9	1	0.49
BO7ma6eWr9	1	0.49
BO7madX9r9	1	0.71
BO7mlz6mr9	1	0.49
BO7mx80dr9	1	0.49
BmRX0aEpR3	1	0.71
BmRX1NQlO3	1	0.49
BmRX1mPeO3	1	0.49
BmRX3QnLr3	1	0.49
BmRX4bqzR3	1	0.49
BmRXBg0go3	1	0.71
BmRXDZXgR3	1	0.49
BmRXJ27lo3	1	0.71
BmRXJK3go3	0	
BmRXJWEzo3	1	0.49
BmRXNgko3y	1	0.71
BmRXZZ3xo3	1	0.49
BmRXbgKZo3	1	0.49
BmRXkGAzr3	1	0.49
BmRXpg4ZR3	1	0.49
BmRXvLyxo3	1	0.49
BmRXvbPLo3	1	0.49
E8oY0YJOad	1	0.49
E8oY7AL9Ra	1	1.26
E8oY8bNwOa	1	0.34
E8oYBPNyra	1	0.49
E8oYGQYyRa	1	0.71
E8oYKLkXRa	1	0.49
E8oYKY53Ra	1	0.34
E8oYLXm9Oa	1	0.49
E8oYNyeQra	1	0.49
E8oYQJ1woa	1	0.49
E8oYV1XBra	1	0.49
E8oYWD59Ra	1	0.49
E8oYWGWmRa	1	0.49
E8oYYY0Boa	1	0.49
E8oYak7Joa	1	0.49
E8oYdq5YOa	1	0.49
E8oYmYe9oa	1	0.49
E8oYpx6YOa	1	0.49
E8oYqm33oa	1	0.49
Eow2AaBAOq	1	0.49
Eow2GjYZOq	1	0.71
Eow2JKJAOq	1	0.49
Eow2KdzyOq	1	0.49
Eow2KljLOq	1	0.71
Eow2M04lOq	1	0.49
Eow2PVdyOq	1	0.49
Eow2V4XJOq	1	0.49
Eow2Z7YlOq	1	0.49
Eow2kD0yOq	1	0.49
Eow61XmAOq	1	0.49
Eow61ZW3Oq	1	0.49
Eow625nZOq	1	0.71
Eow62BALOq	1	0.49
Eow63NpLOq	1	0.49
Eow647j3Oq	1	0.49
Eow64y9WOq	1	0.49
Eow675DLOq	1	0.49
Eow67pwAOq	1	0.49
Eow6Q6ZZOq	1	0.49
Eow6VN5LOq	1	0.49
Eow6Vv8JOq	1	0.71
Eow6Z00WOq	1	0.49
Eow6ZKvLOq	1	0.49
Eow6ZnylOq	1	0.49
Eow6Zz9lOq	1	0.49
Eow6ajyLOq	1	0.49
Eow6k28MOq	1	0.49
Eow6mbKGOq	1	0.49
Eow6xvKWOq	1	0.49
EowV1J4WOq	1	0.49
EowV1wdZOq	1	0.71
EowV65qZOq	0	
EowV6BNlOq	1	0.34
EowV8aXWOq	1	0.49
EowV9mNLOq	1	0.49
EowVEpjMOq	1	0.49
EowVLWYyOq	1	0.49
EowVPb4lOq	1	0.49
EowVWXL3Oq	1	0.49
EowVWpJyOq	1	0.71
EowVYMGGOq	1	0.49
EowVZKALOq	1	0.49
EowVb3jGOq	0	
EowVg5NlOq	1	0.49
EowVmaG3Oq	1	0.49
EowVq02yOq	1	0.49
Eowx0Xayrq	1	0.49
Eowx1e4Arq	1	0.49
Eowx397Vrq	1	0.49
Eowx8k9Zrq	1	0.49
EowxDApLrq	1	0.49
EowxG27Grq	1	0.49
EowxKg53rq	1	0.34
EowxNGGMrq	1	0.49
EowxNyjMrq	1	0.49
EowxbV7lrq	1	0.49
EowxkkpGrq	1	0.49
Eowxpx4Jrq	1	0.49
Eowxv0kZrq	1	0.49
EowxxKbJrq	1	0.49
ErA21Mw0Rg	1	0.71
ErA24d8gRg	1	0.71
ErA259MxRg	1	0.49
ErA27YD0Rg	1	0.49
ErA29PngRg	1	0.49
ErA29v8vRg	1	0.49
ErA2APYxRg	1	0.49
ErA2ExznRg	1	0.49
ErA2G30xRg	1	0.49
ErA2JbmZRg	1	0.49
ErA2Kj5DRg	1	0.49
ErA2M2neRg	1	0.34
ErA2NLdxRg	1	0.49
ErA2XdlDRg	1	0.49
ErA2Z0jNRg	1	0.49
ErA2ZbKeRg	1	0.49
ErA2aJvvRg	1	0.71
ErA2bxAgRg	1	0.34
ErA2dLveRg	1	0.71
ErA2dMEvRg	1	0.34
ErA2dX00Rg	0	
ErA2eq1nRg	1	0.49
ErA2g5bmRg	1	0.49
ErA2gnmxRg	1	0.71
ErA2wDZvRg	1	0.34
ErA2wbqnRg	1	0.49
ErA2yJPZRg	1	0.34
ErA2yW7xRg	1	0.34
ErA2yyN3Rg	1	0.71
ErAY0NQvrg	1	0.49
ErAY0xWvrg	1	0.49
ErAY1l2erg	1	0.49
ErAY2Nnxrg	1	0.49
ErAY2x9Nrg	1	0.49
ErAYAE3xrg	1	0.49
ErAYAq63rg	1	0.49
ErAYB8Y0rg	1	0.49
ErAYJ6gDrg	1	0.49
ErAYJLqnrg	1	0.71
ErAYLgbNrg	1	0.34
ErAYNkBxrg	1	0.49
ErAYZYzerg	1	0.49
ErAYb5ZZrg	1	0.49
ErAYd8jmrg	1	0.49
ErAYexYvrg	1	0.49
ErAYq040rg	1	0.71
ErAYqJ13rg	1	0.49
ErAYqvvNrg	1	0.49
ErAZ6d1ZRg	1	0.49
ErAZMLK0Rg	1	0.49
ErAZQ510Rg	1	0.49
ErAZW45NRg	1	0.49
ErAZWyBDRg	1	0.49
ErAZYmWeRg	1	0.49
ErAZZ5qZRg	0	
ErAZgjq0Rg	1	0.49
ErAZkWa0Rg	1	0.34
ErAZkv80Rg	1	0.49
ErAZkzpZRg	0	
ErAZvA0vRg	1	0.49
ErAZvkwDRg	1	0.49
ErAZy7gmRg	1	0.71
ErAZzA0DRg	1	0.49
ErAZzpBNRg	1	0.49
ErAq3pkmrg	1	0.49
ErAq50AZrg	1	0.49
ErAqDK3xrg	1	0.71
ErAqEQZ3rg	0	
ErAqJ3Gmrg	1	0.49
ErAqJK2vrg	1	0.49
ErAqKxd0rg	1	0.49
ErAqLvp3rg	1	0.49
ErAqMLQxrg	1	0.49
ErAqVWKerg	1	0.49
ErAqXXxgrg	1	0.49
ErAqaDE3rg	1	0.71
ErAql053rg	1	0.49
ErAqmEnxrg	1	0.71
ErAqpKmerg	1	0.49
ErAqvvPxrg	1	0.49
ErAqx35Drg	1	0.49
ErAqxDd0rg	1	0.49
ErAqxJ70rg	1	0.49
ErAqzZvxrg	1	0.49
Ezr819v7Rm	1	0.71
Ezr81n9aRm	1	0.49
Ezr81nv7Rm	1	0.49
Ezr85zqaRm	1	0.34
Ezr89pM7Rm	1	0.49
Ezr8ELP3Rm	1	0.49
Ezr8EdA2Rm	1	0.49
Ezr8Eg41Rm	1	0.49
Ezr8GKd6om	1	0.71
Ezr8J312Om	1	0.49
Ezr8K8b3om	1	0.49
Ezr8Kn7jom	1	0.49
Ezr8L912rm	1	0.49
Ezr8LDP1rm	1	0.49
Ezr8M0xvRm	1	0.49
Ezr8Mbg1Rm	0	
Ezr8Pyy2rm	1	0.49
Ezr8XV2rmV	1	0.49
Ezr8YAPaRm	1	0.49
Ezr8ZMW7Om	1	0.49
Ezr8ZPe1Om	1	0.49
Ezr8aqG2Rm	1	0.49
Ezr8j3KvOm	1	0.49
Ezr8nJD6Om	1	0.71
Ezr8qyPaRm	1	0.49
Ezr8wAA2om	1	0.49
Ezr8x5z3rm	1	0.49
GErA0Jagog	1	0.49
GErA16Bnrg	1	0.49
GErA3WanOg	1	0.49
GErA3XaDOg	1	0.49
GErA5jgnrg	1	0.08
GErA9dX3rg	1	0.49
GErA9zGvrg	0	
GErAB18vRg	1	0.49
GErADwweog	1	0.49
GErAK6q3Og	1	0.49
GErAVMzZRg	1	0.49
GErAWMXNOg	1	0.49
GErAYJA0rg	1	0.49
GErAaLQZrg	1	0.49
GErAdavog0	1	0.49
GErAl9Nnog	1	0.49
GErAnzYgRg	1	0.49
GErAx4Keog	1	0.49
GErAxgXmog	1	0.49
GErAz68ZRg	1	0.49
JREB2zqEOq	1	0.49
JREB3aJZOq	1	0.49
JREB8BYJOq	1	1.26
JREBBPNEOq	0	
JREBJK21Oq	1	0.49
JREBLepEOq	1	0.49
JREBb9xEOq	1	0.49
JREBdBkmOq	1	0.49
JREBe4P1Oq	1	0.71
JREBkl11Oq	1	0.49
JREBx5BjOq	1	0.49
JREBz64jOq	1	0.49
JREBzey2Oq	1	0.49
JREVAa02Oq	1	0.49
JREVAmmZOq	1	0.49
JREVE9vYOq	1	0.49
JREVK37ZOq	1	0.49
JREVP3yaOq	1	0.49
JREVPE31Oq	1	0.34
JREVQWBPOq	1	0.34
JREVg0yYOq	1	0.49
JREVgMPZOq	1	0.49
JREVgNDPOq	1	0.49
JREVgylaOq	1	0.49
JREVpAazOq	1	0.49
JREVpYbPOq	1	0.49
JREVvWxjOq	1	0.49
JREVxJ6YOq	1	0.49
JREVxwemOq	1	0.49
JREVz2dEOq	1	0.49
JREVzY3aOq	1	0.49
JREg4mdzoq	1	0.49
JREg677moq	1	0.49
JREg7g5aoq	1	0.49
JREgE9PEoq	1	0.49
JREgEY8Eoq	1	0.49
JREgG6Waoq	1	0.49
JREgLy4Joq	1	0.49
JREgWw9Poq	1	0.49
JREgXM8Poq	1	0.49
JREgXl4zoq	1	0.49
JREgZgJjoq	1	0.49
JREgbkyZoq	1	0.49
JREgbmvYoq	1	0.49
JREge9m2oq	1	0.49
JREm2dxPRq	1	0.49
JREm4nz2Rq	1	0.49
JREm5NmmRq	0	
JREm6d8PRq	1	0.49
JREmBkEYRq	1	0.49
JREmENjjRq	1	0.49
JREmEeX1Rq	1	0.49
JREmLQymRq	1	0.49
JREmWma1Rq	1	0.49
JREmZwwjRq	1	0.49
JREmdwJ2Rq	1	0.49
JREmg391Rq	1	0.49
JREmgnMaRq	1	0.49
JREmjepJRq	1	0.71
JREmkYZERq	0	
JREmwpz2Rq	1	0.49
JREmxKQaRq	1	0.49
JREmyPDjRq	1	0.49
JREmykw2Rq	1	0.71
JoyB08qXr9	1	0.49
JoyB268Vr9	1	0.49
JoyB4g14r9	1	0.49
JoyB59g7r9	1	0.49
JoyB5gdbr9	1	0.49
JoyB6k8kr9	1	0.71
JoyB7jZnr9	1	0.49
JoyB8mQBr9	1	0.49
JoyB9BEbr9	1	0.49
JoyB9kPBr9	1	0.49
JoyBGpXBr9	1	0.49
JoyBJaN0r9	1	0.49
JoyBKNz9r9	1	0.71
JoyBVE69r9	1	0.49
JoyBWqjbr9	1	0.49
JoyBZzgLr9	1	0.49
JoyBbGXLr9	1	0.49
JoyBenkLr9	1	0.49
JoyBepg7r9	1	0.49
JoyBlMPLr9	1	0.49
JoyBn8MXr9	1	0.49
JoyBnNnnr9	1	0.49
JoyBngYLr9	1	0.49
JoyNAaabr9	1	0.49
JoyNBMJbr9	1	0.49
JoyNDGy0r9	1	0.49
JoyNDxwVr9	1	0.49
JoyNKmpXr9	1	0.49
JoyNPdYVr9	1	1.26
JoyNPkDnr9	1	0.49
JoyNWMnVr9	1	0.49
JoyNakvXr9	0	
JoyNaxXkr9	1	0.49
JoyNkjDnr9	1	0.49
JoyNlVbkr9	1	0.49
JoyNlbm9r9	1	0.71
JoyNm80nr9	1	0.49
JoyNmNdnr9	1	0.49
JoyNmm8Xr9	1	0.49
JoyNq7DXr9	1	0.49
JoyNqP44r9	1	0.49
JoyNzMvbr9	1	0.49
JoyP1lxVO9	1	0.71
JoyP2LVBO9	1	0.49
JoyPA7bLO9	1	0.49
JoyPAQK9O9	1	0.49
JoyPBzknO9	1	0.49
JoyPGPxVO9	1	0.71
JoyPM0WnO9	1	0.49
JoyPN8bbO9	1	0.49
JoyPQwk0O9	1	0.49
JoyPX7mBO9	1	0.49
JoyPYgN4O9	1	0.49
JoyPbQd4O9	1	0.49
JoyPbZx4O9	1	0.49
JoyPl3nLO9	0	
JoyPw9nLO9	1	0.34
JoyPxe8nO9	1	0.49
JoyPz5X9O9	1	0.49
JoyyDjWVo9	0	
JoyyMzano9	1	0.34
JoyyNvkBo9	1	0.49
JoyyVaZ4o9	1	0.49
JoyyjBQno9	1	0.71
JoyyjbXno9	1	0.34
JoyywKq4o9	0	
JoyyyE4Lo9	1	0.49
KVol5EG7rB	1	0.49
KVol65VBRB	1	0.34
KVol8Yl9oB	1	0.49
KVolBA1YRB	1	0.49
KVolDlxqoB	1	0.49
KVolWxyaOB	1	0.49
KVolZLYkRB	1	0.49
KVolZPx7RB	1	0.49
KVold0ZYoB	1	0.49
KVoldqXBoB	1	0.49
KVolnMMZRB	1	0.49
KVolpV99oB	1	0.49
KVolqNaarB	1	0.71
KVolvknZRB	1	0.49
KVolvvqNRB	1	0.49
KVolx3GZoB	1	0.71
KVolxQkaoB	1	0.49
KVolxjNYoB	1	0.49
KoDD3DzMo3	1	0.49
KoDD4PaMo3	1	0.71
KoDDDkPXo3	1	0.49
KoDDJ9dno3	1	0.78
KoDDK4G2o3	1	0.49
KoDDK9j6o3	1	0.49
KoDDKGapo3	1	0.49
KoDDKX8Xo3	1	0.23
KoDDQPM2o3	1	0.49
KoDDVE01o3	1	0.49
KoDDX1Zno3	0	
KoDDaaavo3	1	0.49
KoDDan2Mo3	1	0.71
KoDDewj6o3	1	0.49
KoDDgXM6o3	1	0.49
KoDDgnbEo3	1	0.49
KoDDk4Lvo3	1	0.49
KoDDy7pEo3	1	0.49
KoDDyLAvo3	1	0.49
KoDDzedno3	1	0.49
KoDDzjA6o3	1	0.49
KoDJ41QMR3	1	0.49
KoDJ62J6R3	1	0.49
KoDJ7YN2R3	1	0.49
KoDJB212R3	1	1.26
KoDJJEqpR3	1	0.49
KoDJL19pR3	1	0.49
KoDJNK0MR3	1	0.34
KoDJVWDER3	1	0.49
KoDJWMYMR3	1	0.49
KoDJgeyXR3	1	0.34
KoDJl4VMR3	1	0.49
KoDJlWGMR3	0	
KoDJlYLkR3	1	0.49
KoDJqLgvR3	1	0.49
KoDJxbxnR3	1	0.49
KoDJxyGpR3	1	0.49
KoDV0WynR3	1	0.34
KoDV1NjnR3	1	0.49
KoDV2m11R3	1	0.49
KoDV5yKMR3	1	0.49
KoDV6bWXR3	1	0.49
KoDV8yP1R3	1	0.49
KoDVBvAvR3	1	0.49
KoDVLzLDR3	1	0.49
KoDVMYPMR3	1	0.49
KoDVQJjnR3	1	0.49
KoDVQe7DR3	1	0.49
KoDVWbYpR3	1	0.49
KoDVl1K1R3	1	0.49
KoDVnElpR3	1	0.49
KoDVp7EER3	1	0.49
KoDVq9k1R3	1	0.49
KoDVy24kR3	1	0.49
KoDVy7wER3	1	0.49
KoDVyQQDR3	1	0.49
KoDq5A1Er3	1	0.49
KoDq5Eypr3	1	0.71
KoDq5md2r3	1	0.49
KoDq87Ypr3	1	0.49
KoDqJgx6r3	1	0.49
KoDqNAbDr3	0	
KoDqP0g6r3	1	0.49
KoDqWGgEr3	1	0.49
KoDqY252r3	1	0.49
KoDqawVvr3	1	0.71
KoDqe7knr3	1	0.49
KoDqeWdnr3	1	0.49
KoDqnep6r3	1	0.49
KoDqp5aMr3	1	0.49
KoDqwAnkr3	1	0.78
KoDqwJ7Dr3	1	0.49
KoDqy8XDr3	1	0.71
KrB32EEkRX	1	0.34
KrB3DpwkRX	1	0.34
KrB3GGV0RX	1	0.49
KrB3GPeYRX	1	0.49
KrB3JqPLRX	1	0.71
KrB3K10LRX	1	0.49
KrB3K3pYRX	1	0.71
KrB3QedJRX	1	0.71
KrB3Qn2dRX	1	0.49
KrB3Qn90RX	1	0.49
KrB3Y779RX	1	0.49
KrB3eBA0RX	1	0.49
KrB3g4KJRX	0	
KrB3g9W0RX	1	0.49
KrB3gLA4RX	1	0.49
KrB3yLbdRX	1	0.49
KrB3yPGLRX	1	0.49
KrB3ygd9RX	1	0.49
KrB3z1k4RX	1	0.78
KrB3zPN0RX	1	0.71
KrB62QvxrX	1	0.71
KrB66V6YrX	0	
KrB67ljkrX	1	0.49
KrB69EBwrX	1	0.49
KrB69dMdrX	1	0.49
KrB6KYGdrX	1	0.49
KrB6KjY4rX	1	0.49
KrB6Lw64rX	1	0.49
KrB6ZmV9rX	1	0.49
KrB6eLBYrX	1	0.49
KrB6k0M4rX	1	0.49
KrB6kZExrX	1	0.49
KrB6pLA9rX	1	0.49
KrB6qke9rX	1	0.49
KrBD6y20OX	1	0.49
KrBD8434OX	1	0.49
KrBD8MZJOX	1	0.71
KrBD8jVwOX	1	0.34
KrBDA0YkOX	1	0.71
KrBDBB8xOX	1	0.71
KrBDDgewOX	1	0.34
KrBDNnj9OX	0	
KrBDXen9OX	1	0.49
KrBDbM6kOX	1	0.49
KrBDj7dwOX	1	0.49
KrBDkKewOX	1	0.49
KrBDlnzJOX	1	0.49
KrBDvWZkOX	1	0.49
KrBDwy40OX	1	0.34
KrBDxKBwOX	1	0.49
KrBQ23a4oX	1	0.49
KrBQ6V5YoX	1	1.13
KrBQ7NpkoX	1	0.49
KrBQBmBdoX	0	
KrBQEEadoX	0	
KrBQNdVwoX	1	0.49
KrBQVYXwoX	1	0.49
KrBQWZz4oX	1	0.49
KrBQXzVYoX	1	0.49
KrBQaBl0oX	1	0.49
KrBQbdaJoX	1	0.49
KrBQd314oX	1	0.49
KrBQd5kwoX	1	0.49
KrBQg8zwoX	1	0.49
KrBQgklkoX	1	0.49
KrBQgl8doX	1	0.49
KrBQpkAxoX	1	0.34
KrBQqyXJoX	1	0.71
KrBQwjZkoX	1	0.49
KzoV2gNqoJ	1	0.49
KzoV9WvzOJ	1	0.49
KzoVEAmnOJ	1	0.49
KzoVEYknOJ	1	0.49
KzoVGnN6rJ	1	0.49
KzoVJa7poJ	0	
KzoVM1NBOJ	1	0.49
KzoVNab6oJ	1	0.49
KzoVWEnZrJ	1	0.49
KzoVX7aGRJ	1	0.71
KzoVXGkGRJ	1	0.71
KzoVXzWnRJ	1	0.49
KzoVYVe8OJ	1	0.49
KzoVaNxzOJ	1	0.49
KzoVblyZoJ	1	0.49
KzoVgKg6rJ	1	0.49
KzoVn758oJ	1	0.49
KzoVy3QqOJ	1	0.49
KzoVyzE8OJ	1	0.34
LBO72MQAR9	1	0.49
LBO72W56R9	1	0.49
LBO72mXJR9	1	0.49
LBO7Ew09r9	1	0.49
LBO7K8kdO9	1	0.49
LBO7NeZWR9	1	0.49
LBO7Q4ZWr9	1	0.49
LBO7V5QWR9	1	0.49
LBO7Yz5nr9	1	0.49
LBO7Zg2nR9	0	
LBO7aW5nr9	1	1.26
LBO7djqno9	1	0.34
LBO7lK9Eo9	1	0.49
LBO7lx4mo9	1	0.49
LBO7nVJdR9	1	0.49
LBO7vgB9R9	1	0.49
LBO7zYMqR9	1	0.49
LRx71e02rD	1	0.49
LRx76DPbrD	1	0.49
LRx76a3XrD	1	0.49
LRx77Yj1rD	1	0.49
LRx7GAA1rD	1	0.49
LRx7JpderD	1	0.49
LRx7K6kdrD	1	0.49
LRx7Ndd1rD	1	0.49
LRx7Nle2rD	0	
LRx7PjWgrD	1	0.34
LRx7X69brD	1	0.49
LRx7Yj1DrD	1	0.49
LRx7ZBddrD	1	0.49
LRx7aqdlrD	1	0.49
LRx7lGVdrD	1	0.49
LRx7p9VXrD	1	0.49
LRx7y1BgrD	1	0.49
LRxN8BVloD	1	0.49
LRxNAPleoD	1	0.49
LRxNNLGmoD	1	0.49
LRxNNXxeoD	1	0.49
LRxNQKMgoD	1	0.49
LRxNQQByoD	1	0.49
LRxNXGLDoD	1	0.49
LRxNXMDmoD	1	0.49
LRxNZmY1oD	1	0.49
LRxNkNp2oD	1	0.49
LRxNkXPboD	1	0.49
LRxNkYQloD	1	0.49
LRxNn3P2oD	1	0.49
LRxNqNw2oD	1	0.49
LRxNqlmgoD	1	0.34
LRxNxNmloD	1	1.26
LRxNz4XgoD	1	0.49
LRxQ5Z8lOD	1	0.49
LRxQ7851OD	1	0.49
LRxQD59XOD	1	0.49
LRxQE8DyOD	1	0.49
LRxQKEZbOD	1	0.49
LRxQLkPlOD	1	0.49
LRxQMZgDOD	0	
LRxQN97DOD	1	0.49
LRxQP7vdOD	1	0.71
LRxQVN8yOD	1	0.34
LRxQeZp2OD	1	0.71
LRxQj8dgOD	1	0.49
LRxQpJKbOD	1	0.49
LRxQq7pbOD	1	0.49
LRxQwXbyOD	1	0.71
LRxQxvByOD	1	0.49
LRxQzyegOD	1	0.34
LRxQzzqmOD	1	0.49
LRxX015DRD	1	0.49
LRxX7jGyRD	0	
LRxXBvElRD	1	0.49
LRxXKx8bRD	1	0.49
LRxXNb7dRD	1	0.49
LRxXQ9ZbRD	1	0.49
LRxXQe6lRD	1	0.49
LRxXQpa2RD	1	0.49
LRxXXb11RD	1	0.49
LRxXkxxdRD	1	0.49
LRxXn3YeRD	1	0.49
LRxXpJ5DRD	1	0.49
LRxXqmEDRD	1	0.49
LRxXvwwXRD	1	0.49
LRxXxQKgRD	1	0.49
LRxXyM3lRD	1	0.49
LbOd1gDDoY	1	0.49
LbOd5aGPoY	1	0.49
LbOd5l8DoY	1	0.71
LbOd5qNeoY	1	0.49
LbOdJJPDrY	1	0.71
LbOdK45PRY	1	0.49
LbOdKZQeRY	1	0.49
LbOdKbGMRY	1	0.49
LbOdPlP3OY	1	0.49
LbOdXNAPOY	0	
LbOdeag3oY	1	0.49
LbOdjal4rY	0	
LbOdze7PrY	1	0.49
LobD42GgRm	1	0.49
LobD4ABZRm	1	0.49
LobD5bqZRm	1	0.71
LobD8zDZRm	1	0.49
LobDG3KnRm	1	0.49
LobDJ1V7Rm	1	0.49
LobDJ467Rm	1	0.49
LobDNP37Rm	1	0.34
LobDPpL4Rm	1	0.34
LobDW7yaRm	1	0.49
LobDWDkVRm	1	0.49
LobDd0gpRm	1	0.34
LobDgG6ZRm	0	
LobDgm6VRm	1	0.49
LobDkKEgRm	1	0.49
LobDkm4nRm	1	0.49
LobDkpWZRm	1	0.34
LobDmYwBRm	1	0.49
LobDwYpaRm	1	0.49
LobDxv5gRm	1	0.49
LobDyQ4gRm	1	0.49
LobQ90KVOm	1	0.49
LobQBabpOm	1	0.49
LobQLXQ7Om	1	0.34
LobQW6ZVOm	1	0.49
LobQWD44Om	1	0.49
LobQlY7BOm	1	0.49
LobQnZLgOm	1	0.49
LobQpvlnOm	1	0.49
LobQqAPVOm	1	0.49
LobQqDLlOm	1	0.49
LobdDev7Rm	1	0.49
LobdGxKyRm	1	0.49
LobdPVzZRm	1	0.49
LobdQvBlRm	1	0.49
LobdVGBZRm	1	0.49
LobdXvvnRm	0	
LobdjQnaRm	0	
LobdkLlBRm	1	0.49
LobdkXkpRm	1	0.34
Lobdke4VRm	1	0.49
LobdkzA4Rm	1	0.49
LobdnbAlRm	1	0.49
Lobdnnz4Rm	1	0.49
LobdvmlZRm	1	0.49
LobdxVEnRm	1	0.49
Lobdxb3aRm	1	0.49
LobdyKWZRm	1	0.34
Lobn9ggyom	1	0.49
LobnBNe4om	1	0.49
LobnKk5Bom	1	0.49
LobnLXPlom	1	0.49
LobnQ3zVom	0	
LobnVaGgom	1	0.49
LobnY3YVom	1	0.49
LobnbNQ4om	1	0.49
Lobne9Kyom	1	0.49
LobnlVxaom	1	0.49
LobnmLVpom	1	0.49
LobnmLqgom	1	0.49
LobnxpPpom	1	0.49
LobnzPl4om	1	0.49
LyRL0amqR2	1	0.49
LyRL3Vlqr2	1	0.49
LyRL5M7GO2	1	0.49
LyRL6QYyo2	1	0.71
LyRL7x3mr2	1	0.49
LyRLBPbGo2	1	0.49
LyRLDxJQR2	1	0.49
LyRLJd2mo2	1	0.49
LyRLJnzyo2	1	0.49
LyRLL22KR2	1	0.71
LyRLM80QO2	1	0.49
LyRLPW7yR2	1	0.34
LyRLQ0AQO2	1	0.49
LyRLXB5YR2	1	0.49
LyRLYblQO2	1	0.71
LyRLdz4ZR2	1	0.49
LyRLeJxmO2	1	0.49
LyRLeZqGO2	1	0.71
LyRLen4LO2	1	0.49
LyRLmZ5yO2	1	0.49
LyRLnBkQo2	1	0.49
LyRLqKxqO2	1	0.34
LyRLqpMyO2	1	0.49
Nop81lnloD	1	0.49
Nop81w7WoD	1	0.71
Nop87dJ1oD	1	0.49
Nop8Ky9NoD	1	0.49
Nop8LvJ1oD	1	0.49
Nop8MXjjoD	1	0.49
Nop8Mw7YoD	1	0.49
Nop8NpGeoD	1	0.49
Nop8YMQkoD	1	0.49
Nop8Ya2eoD	1	0.49
Nop8Z2JeoD	1	0.49
Nop8ZlQeoD	1	0.71
Nop8vX0KoD	1	0.49
Nop8zBbxoD	1	0.49
Nop8zv2KoD	1	0.49
NopJ7b1xRD	1	0.71
NopJEbqjRD	1	0.49
NopJM46NRD	1	0.49
NopJN5B1RD	1	0.49
NopJX60xRD	1	0.49
NopJZkGKRD	1	0.49
NopJmGklRD	1	0.49
NopJpp9lRD	1	0.49
NopJqxPeRD	1	0.49
NopJxJgeRD	1	0.49
NopJy2aYRD	1	0.49
NopJynv1RD	1	0.49
NopP3QWWoD	1	0.49
NopP4yv1oD	1	0.49
NopP5lMYoD	1	0.49
NopP6LLxoD	1	0.71
NopP7wGNoD	1	0.49
NopPV6LKoD	1	0.49
NopPVzd8oD	1	0.49
NopPXl2KoD	1	0.71
NopPeeQloD	1	0.49
NopPggGWoD	1	0.34
NopPmYEWoD	1	0.49
NopPpWyjoD	1	0.49
NopPqBjWoD	1	0.71
NopPqq7loD	1	0.49
NopPxkWxoD	1	0.71
Nopz4K9YRD	1	0.49
Nopz78Q8RD	1	0.49
NopzAXDlRD	1	0.78
NopzDb7jRD	1	0.71
NopzEvL1RD	0	
NopzJ3YkRD	1	0.49
NopzJA4NRD	1	0.49
NopzJmBKRD	1	0.71
NopzWmAYRD	1	0.71
NopzjgeKRD	1	0.49
Nopzjy48RD	1	0.49
NopzmbYWRD	0	
NopzxJdYRD	1	0.49
P5r404v1rK	1	0.49
P5r48Z2prK	1	0.34
P5r4JAkPOK	1	0.49
P5r4KGPAoK	1	0.71
P5r4MQ0xRK	1	0.49
P5r4QQm1RK	1	0.49
P5r4QegQRK	1	0.49
P5r4QlB7RK	1	0.49
P5r4awDaRK	1	0.49
P5r4kyBaoK	1	0.71
P5r4pnNprK	0	
Q3OP0AadON	1	0.49
Q3OP0Nk0ON	1	0.49
Q3OP18KzoN	1	0.49
Q3OP3GY4RN	1	0.49
Q3OP4nLgON	0	
Q3OP7WkzRN	1	0.49
Q3OPA7AVoN	1	0.49
Q3OPDVaXON	1	0.49
Q3OPDlQgON	1	0.49
Q3OPDx01ON	1	0.49
Q3OPE4JXoN	1	0.71
Q3OPJQdVrN	1	0.49
Q3OPJW3drN	1	0.49
Q3OPX9dmON	1	0.71
Q3OPYBqloN	1	0.49
Q3OPaxxXoN	1	0.49
Q3OPg8MdRN	1	0.49
Q3OPmPk1oN	1	0.49
Q3OPmxnVoN	1	0.49
Q3OPnDedrN	1	0.71
Q3OPnzgvrN	0	
Q3OPpG7dON	0	
Q3OPw711RN	1	1.26
Q3OPwdezRN	1	0.49
Q3OPwzGdRN	1	0.49
Q3OPx5lXON	1	0.49
Q3OPxXxXON	1	0.49
Q3OPxgGgON	1	0.49
QOz70yy3oZ	1	0.49
QOz77yZzoZ	1	0.49
QOz7MW53oZ	1	0.49
QOz7VxpKoZ	1	0.49
QOz7g1eYoZ	1	0.49
QOz7wdLeoZ	1	0.49
QOzK35jeoZ	1	0.49
QOzK4gYeoZ	1	0.49
QOzK9wyWoZ	1	0.71
QOzKDL12oZ	1	0.49
QOzKDgjGoZ	1	0.49
QOzKMZQZoZ	1	0.49
QOzKNaNzoZ	1	0.71
QOzKVL3DoZ	1	0.49
QOzKbbPWoZ	1	0.49
QOzKbd3WoZ	1	0.49
QOzKdEdGoZ	1	0.49
QOzKnnjKoZ	1	0.71
QOzKqaZKoZ	1	0.49
QOzKx0jzoZ	1	0.49
QOzKyd9KoZ	1	0.34
QOzM0M3YRZ	0	
QOzM1aNDRZ	1	0.49
QOzM2l73RZ	1	0.49
QOzM30zWRZ	1	0.49
QOzM9xmDRZ	1	0.49
QOzM9z1DRZ	1	0.49
QOzMK2w3RZ	1	0.49
QOzMN3aWRZ	1	0.49
QOzMNvgGRZ	1	0.78
QOzMQvaDRZ	1	0.49
QOzMaKQDRZ	1	0.49
QOzMbQBDRZ	0	
QOzMjP7YRZ	1	0.34
QOzMjaKZRZ	1	0.49
QOzMmLQzRZ	1	0.34
QOzMvnAGRZ	0	
QOzMyWL3RZ	1	0.49
QOzn7kzYOZ	1	0.49
QOznKd03OZ	1	0.49
QOznKyX2OZ	0	
QOznPJbWOZ	1	0.49
QOznPb6eOZ	1	0.49
QOznWqDGOZ	1	0.49
QOznbNa3OZ	1	0.34
QOzndam3OZ	1	0.49
QOznkwDWOZ	1	0.49
QOznnWk2OZ	1	0.49
QRMJ4v9xOY	1	0.49
QRMJBKWlOY	1	0.49
QRMJE3a7OY	1	0.49
QRMJJynpOY	1	0.49
QRMJMMExOY	1	0.49
QRMJe7zmOY	1	0.49
QRMJgD3WOY	1	0.49
QRMJnYpYOY	1	0.71
QRMJqEyNOY	1	0.49
QRMJyQ4pOY	1	0.49
QRML6KpYrY	1	0.34
QRML6gwjrY	1	0.34
QRMLJ4p7rY	1	0.49
QRMLJ5YlrY	1	0.49
QRMLL72zrY	1	0.49
QRMLNDqlrY	1	0.49
QRMLNxabrY	1	0.49
QRMLWLGYrY	1	0.71
QRMLeqBbrY	1	0.49
QRMLyLpjrY	1	0.49
QRMLzgmprY	1	0.49
QRMLzjYlrY	1	0.49
QRMV3aMxOY	1	0.49
QRMV4bMzOY	1	0.34
QRMV7g7NOY	0	
QRMV9V9xOY	1	0.49
QRMVAxelOY	1	0.49
QRMVBnybOY	1	0.34
QRMVEzP7OY	1	0.49
QRMVKlXmOY	1	0.49
QRMVMGqzOY	1	0.49
QRMVNNwjOY	1	0.49
QRMVYBQmOY	1	0.49
QRMVYK17OY	1	0.49
QRMVZ3YWOY	1	0.49
QRMVd0BxOY	1	0.49
QRMVjgNzOY	1	0.49
QRMVlNyYOY	1	0.49
QRMVmE6jOY	1	0.49
QRMVnDDbOY	1	0.49
QRMVqDmxOY	1	0.49
QRMVzE7lOY	1	0.49
QRMVzyXzOY	1	0.49
QRMp7DNlrY	1	0.49
QRMpA0v7rY	1	0.49
QRMpAm3zrY	1	0.49
QRMpB0mYrY	1	0.49
QRMpBB2lrY	1	0.49
QRMpMm9zrY	1	0.49
QRMpN9WxrY	1	0.49
QRMpV41NrY	1	0.49
QRMpW7NNrY	1	0.49
QRMpXLaNrY	1	0.49
QRMpXy3xrY	1	0.49
QRMpebLlrY	1	0.49
QRMpepwYrY	1	0.49
QRMpj9vlrY	1	0.49
QRMpjmBWrY	1	0.49
QRMpk0ZxrY	1	0.49
QRMpnGAlrY	1	0.49
QRMpnKqmrY	1	0.49
VLRx0VnlRD	1	0.49
VLRx0qp1RD	1	0.49
VLRxBJGboD	1	0.49
VLRxKXverD	1	0.49
VLRxMxKbOD	1	0.49
VLRxN58moD	1	0.34
VLRxQG0yOD	1	0.49
VLRxQGmbOD	1	0.49
VLRxQZ7lOD	1	0.49
VLRxQbPyOD	1	0.49
VLRxV3NyoD	1	0.49
VLRxVz1goD	1	0.49
VLRxWQeyrD	1	0.49
VLRxZEymoD	1	0.49
VLRxp62eRD	1	0.49
VLRxplkyRD	1	0.49
VLRxy4DgOD	1	0.49
VLRxzLLgoD	1	0.49
VRjD1zn8oz	1	0.34
VRjD27YKoz	1	0.49
VRjD310doz	1	0.49
VRjDNkgnoz	1	0.49
VRjDbbg9oz	1	0.49
VRjDdKNqoz	1	0.49
VRjDgZ94oz	1	0.49
VRjDn1vVoz	1	0.49
VRjDpde2oz	1	0.49
VRjDqkpdoz	1	0.49
VRjW3P8ZOz	1	0.49
VRjWGb84Oz	1	0.49
VRjWNL54Oz	1	0.49
VRjWWBlnOz	1	0.49
VRjWYdmqOz	1	0.49
VRjWgMd4Oz	1	0.34
VRjWkqQKOz	1	0.49
VRjZ0xjGRz	1	0.49
VRjZ3dYZRz	1	0.49
VRjZ3wyqRz	1	0.49
VRjZVb3nRz	1	0.49
VRjZWK8VRz	1	0.49
VRjZWQP9Rz	1	0.49
VRjZe9JVRz	1	0.49
VRjZm5JdRz	1	0.49
VRjZw8EVRz	1	0.49
VRjZwDDdRz	1	0.71
VRjZwvKKRz	1	0.49
VRjZx3dZRz	1	0.49
VRjZyje9Rz	1	0.49
VRjZzwynRz	1	0.49
VRjm678nrz	1	0.49
VRjm8Jj4rz	1	0.49
VRjm9679rz	1	0.49
VRjmBq5Vrz	1	0.49
VRjmE6J2rz	1	0.49
VRjmJ9e4rz	1	0.49
VRjmNjJ9rz	1	0.34
VRjmQBxqrz	1	0.49
VRjmVkqVrz	1	0.49
VRjmZxL9rz	1	0.34
VRjmap89rz	1	0.34
VRjmg2y4rz	0	
VRjmk9zKrz	1	0.49
VolL4qPZoB	1	0.49
VolL575qoB	1	0.49
VolL5AyZoB	1	0.49
VolLA0J9oB	1	0.49
VolLB6PBoB	1	0.49
VolLDVZkoB	1	0.49
VolLKAvkoB	1	0.49
VolLPm9ZoB	1	0.71
VolLVZ8YoB	1	0.71
VolLXMbyoB	0	
VolLeqLYoB	1	0.49
VolLg1JkoB	1	0.49
VolLn07aoB	0	
VolLpVgkoB	1	0.49
VolLwAq9oB	1	0.49
VolLyaGBoB	1	0.49
Vola4g9arB	1	0.34
VolaL34ZrB	1	0.49
VolaL6kYrB	1	0.71
VolaLWaZrB	1	0.49
VolaV93yrB	1	0.49
VolaVjMprB	1	0.49
VolaYwdZrB	1	0.49
VolaYyEprB	1	0.49
VolaZ93prB	1	0.71
VolaZ949rB	1	0.34
VolaZJD7rB	1	0.49
VolaZKwYrB	1	0.49
Volaj2ANrB	1	0.49
VolakvGZrB	1	0.49
Vold22VNoB	1	0.49
Vold37daoB	1	0.49
Vold7yLBoB	1	0.49
Vold8g2NoB	1	0.49
Vold9bNaoB	1	0.49
VoldD1MZoB	1	0.49
VoldE62poB	1	0.49
VoldJnpNoB	1	0.49
VoldLpjpoB	1	0.49
VoldMVgBoB	1	0.49
VoldVklYoB	1	0.49
VoldZegBoB	1	0.49
VoldaPJYoB	1	0.49
VoldkEJNoB	1	0.34
VoldlbaaoB	1	0.49
VoldmVP9oB	1	0.71
Voldnep9oB	1	0.34
VoldpApNoB	1	0.49
VoldpWvqoB	1	0.49
Volj0qlNRB	1	0.49
Volj6LK7RB	1	0.34
Volj6pn7RB	1	0.49
VoljKL5YRB	1	0.49
VoljNA7yRB	1	0.71
VoljYydBRB	1	0.49
Voljj38aRB	1	0.49
VoljpA7YRB	1	0.49
VoljqlpqRB	1	0.49
Voljx7VkRB	1	0.49
WZrN0K94O9	1	0.49
WZrN1wjPo9	1	0.71
WZrN39XQR9	0	
WZrN3zYXR9	1	0.49
WZrN4LxgO9	1	0.49
WZrND6VQO9	1	0.71
WZrNQBzdo9	1	0.49
WZrNQNgXo9	1	0.71
WZrNg4BxR9	1	0.71
WZrNjEV5r9	1	0.49
WZrNjJlnr9	1	0.49
WZrNp6vnO9	0	
WZrNqVMgo9	1	0.49
WZrNqxGno9	1	0.49
WZrNzEQ1r9	1	0.49
WZrNzYedr9	1	0.71
Xo1Q22eDoy	1	0.49
Xo1Q26Ekoy	1	0.49
Xo1Q2ZE0oy	1	0.49
Xo1Q2eM1oy	1	0.49
Xo1Q515poy	1	0.49
Xo1Q53vpoy	1	0.34
Xo1Q5lEjoy	1	0.49
Xo1Q9JbDoy	1	0.49
Xo1QE7Jjoy	1	0.49
Xo1QQNWxoy	1	0.49
Xo1QkwMxoy	1	0.49
Xo1Qq4PVoy	1	0.71
Xo1Qq87poy	1	0.49
Xo1Qzl20oy	1	0.49
Xo1Y0Ba0oy	1	0.49
Xo1Y3q92oy	1	0.49
Xo1Y5G4joy	1	0.49
Xo1Y67kVoy	1	0.49
Xo1Y8Dz0oy	1	0.49
Xo1Y9zMEoy	1	0.71
Xo1YMkkVoy	1	0.49
Xo1YQKD2oy	1	0.49
Xo1YQddxoy	1	0.49
Xo1Yaw8Eoy	1	0.49
Xo1YjY3joy	1	0.49
Xo1Yjk4Doy	1	0.71
Xo1Yq9avoy	1	0.49
Xo1YwYqxoy	1	0.71
Xo1Ywalxoy	1	0.49
Xo1Ywbp0oy	1	0.49
Xo1x08bvOy	1	0.49
Xo1xEBMDOy	1	0.49
Xo1xGmlEOy	1	0.49
Xo1xKJBpOy	1	0.49
Xo1xNYZjOy	1	0.49
Xo1xWY01Oy	1	0.49
Xo1xdz4VOy	1	0.34
Xo1xjVKEOy	1	0.71
Xo1xlQ6jOy	1	0.49
Xo1xlapjOy	1	0.49
Xo1xmbppOy	1	0.71
Xo1xnxJEOy	1	0.49
Xo1y17x0oy	1	0.71
Xo1y5kQvoy	1	0.49
Xo1y91QDoy	1	0.34
Xo1yLYa1oy	0	
Xo1yNz6voy	1	0.49
Xo1yWgPxoy	1	0.49
Xo1yYV20oy	1	0.49
Xo1yZqaVoy	1	0.49
Xo1yb1Wkoy	1	0.49
Xo1ymq41oy	1	0.49
Xo1ypn8Doy	1	0.49
Xo1yxEyxoy	1	0.49
Xo1yyZk0oy	1	0.34
YQOz7j9ZoZ	1	0.49
YQOz85YDrZ	1	0.49
YQOzBJNGOZ	1	0.49
YQOzV52WOZ	1	0.49
YQOzX47DrZ	1	0.34
YQOzXEG3rZ	1	0.49
YQOzYkNERZ	1	0.49
YQOzjyWOZa	1	0.34
YQOzlDWErZ	1	0.49
YQOzlmEYrZ	1	0.49
YQOzn32YOZ	1	0.49
YQOznYg2OZ	1	0.49
YoeGG07LRL	1	0.49
YoeGJ3PMRL	1	0.49
YoeGXpPeRL	1	0.71
YoeGXx66RL	1	0.49
YoeGXyneRL	0	
YoeGaXDbRL	0	
YoeGd9JXRL	1	0.49
YoeGdd4qRL	1	0.49
YoeGePDERL	1	0.49
YoeGjq9pRL	1	0.34
YoeGvqEbRL	1	0.49
YoeGxMgqRL	1	0.49
YoeGxmGERL	1	0.34
YoeGy1QpRL	1	0.49
YoedDqyMOL	1	0.49
YoedL30eOL	1	0.49
YoedNKZpOL	1	0.49
YoedWXypOL	1	0.49
YoedXe2EOL	1	0.49
YoeddappOL	1	0.49
YoedgBvqOL	1	0.49
Yoem1AdpoL	1	0.49
Yoem1XBPoL	1	0.49
Yoem45qpoL	1	0.49
Yoem515boL	1	0.71
Yoem7NXboL	1	0.49
Yoem8Z9PoL	1	0.49
YoemA12EoL	1	0.34
YoemBdpPoL	1	0.49
YoemMBvLoL	0	
YoemQj06oL	1	0.49
YoemZE3woL	1	0.49
YoembQ0woL	1	0.49
YoemegneoL	1	0.49
Yoemjda6oL	1	0.49
YoemlJlLoL	1	0.34
YoempM7MoL	1	0.49
YoemxMm6oL	1	0.49
Yoew1nK6RL	1	0.49
YoewD27PRL	1	0.49
YoewDnVXRL	1	0.71
YoewE6KbRL	1	0.49
YoewGZbPRL	1	0.49
YoewNgALRL	1	0.71
YoewV5npRL	1	0.49
YoewVpGpRL	1	0.49
Yoewqv1wRL	1	0.49
YoewzZlpRL	1	0.49
ZrN37DAXR9	1	0.49
ZrN3D7p5R9	1	0.34
ZrN3PyDPR9	1	0.49
ZrN3QJdnR9	0	
ZrN3VeAdR9	1	0.49
ZrN3W3KnR9	1	0.49
ZrN3X6VQR9	1	0.49
ZrN3Xd21R9	1	0.49
ZrN3lLWxR9	1	0.49
ZrN3lX0xR9	1	0.49
ZrN3pgpgR9	1	0.49
ZrN3xZ85R9	1	0.49
ZrNg35MnR9	1	0.49
ZrNg79pgR9	1	0.49
ZrNgAXjQR9	1	0.49
ZrNgBYDQR9	1	0.49
ZrNgEGv5R9	1	0.49
ZrNgEdxxR9	1	0.49
ZrNgG0V5R9	1	0.49
ZrNgG95dR9	1	0.49
ZrNgGN7PR9	1	0.49
ZrNgL614R9	0	
ZrNgM8jwR9	1	0.49
ZrNgNgqwR9	1	0.49
ZrNgQPN4R9	1	0.49
ZrNgeNqxR9	0	
ZrNggNgnR9	1	0.49
ZrNgglKwR9	1	0.49
ZrNgnm9XR9	1	0.49
ZrNgwyzgR9	1	0.49
ZrNgyYzXR9	1	0.49
ZrNk33MQR9	1	0.49
ZrNk34ZdR9	1	0.49
ZrNkD2M4R9	1	0.49
ZrNkKp0gR9	1	0.34
ZrNkQkMXR9	1	0.71
ZrNke5MdR9	1	0.49
ZrNkeyVgR9	1	0.49
ZrNkgLb4R9	1	0.49
ZrNkgM41R9	1	0.71
ZrNkgVGXR9	1	0.71
ZrNkkgK5R9	1	0.49
ZrNklegxR9	1	0.49
ZrNkmVMgR9	1	0.49
ZrNkmjB5R9	1	0.71
ZrNkmvyXR9	1	0.49
ZrNkvDNgR9	1	0.49
ZrNkvJgxR9	1	0.49
ZrNkve75R9	1	0.78
ZrNkz6EQR9	1	0.49
ZrNz09pwr9	1	0.49
ZrNz1Y9gr9	1	0.49
ZrNz3pQQr9	1	0.49
ZrNz5gJgr9	1	0.34
ZrNz96Xnr9	1	0.71
ZrNzB0z5r9	1	0.49
ZrNzNvm5r9	1	0.49
ZrNzP9l4r9	1	0.49
ZrNzYEenr9	1	0.49
ZrNzZb41r9	1	0.49
ZrNzwE1nr9	1	0.49
ZrNzy4anr9	1	0.49
a3rK0KGGRD	1	0.49
a3rK1q93OD	1	0.49
a3rK2XJZoD	1	0.49
a3rK2Zj7oD	1	0.49
a3rK6w6KoD	1	0.49
a3rK9BLYOD	1	0.49
a3rKA0nZOD	1	0.34
a3rKAkJ8OD	1	0.49
a3rKAnJ7OD	1	0.49
a3rKApdZOD	1	0.49
a3rKB8pYoD	1	0.49
a3rKJAeKoD	1	0.49
a3rKQ4d8OD	1	0.34
a3rKVLYBoD	1	0.49
a3rKX7MwRD	1	0.49
a3rKXYa3RD	1	0.49
a3rKXam7RD	1	0.49
a3rKYbgKOD	1	0.49
a3rKkDz7rD	1	0.49
a3rKkWmKrD	1	0.49
a3rKm613OD	1	0.34
a3rKnpXYoD	1	0.49
a3rKv4M7oD	0	
a3rKxw6KRD	1	0.71
a5o033jJOg	1	0.49
a5o039nZOg	1	0.49
a5o045kDog	1	0.49
a5o04ppNog	1	0.49
a5o05Xzkrg	1	0.49
a5o06VJZRg	1	0.49
a5o0KWnQOg	1	0.49
a5o0MwQ1rg	1	0.49
a5o0VkQkRg	1	0.49
a5o0X23Nog	1	0.49
a5o0a0Lkrg	1	0.49
a5o0bEk7Rg	1	0.49
a5o0dvDNog	0	
a5o0kAMPOg	1	0.49
a5o0qEePrg	1	0.49
aRa025ebrV	1	0.49
aRa04VMlrV	0	
aRa08LWDrV	1	0.49
aRa08y5jrV	1	0.49
aRa0G58jrV	1	0.49
aRa0MJ7zrV	1	0.49
aRa0NJgqrV	1	0.49
aRa0PmJkrV	1	0.24
aRa0VgkzrV	1	0.49
aRa0awakrV	1	0.49
aRa0lG1jrV	1	0.49
aRa0wpYkrV	1	0.49
aRad5W5lrV	1	0.49
aRadDpjLrV	1	0.71
aRadE1nLrV	1	0.49
aRadGb1NrV	1	0.49
aRadN9VkrV	1	0.49
aRadWlPNrV	1	0.49
aRadaBK3rV	1	0.49
aRadbkqkrV	1	0.49
aRaddM5nrV	1	0.71
aRadlANLrV	1	0.71
aRadlEbnrV	0	
aRadmxNnrV	1	0.49
aRadnllnrV	1	0.49
aRadpP8NrV	1	0.49
aRadwELzrV	1	0.49
aRadzY8jrV	1	0.71
aRal0z5lrV	1	0.49
aRal3nglrV	1	0.49
aRal3njjrV	1	0.49
aRalAvxkrV	1	0.49
aRalBYPDrV	1	0.49
aRalDlvLrV	1	0.49
aRalEVAlrV	1	0.49
aRalYLAzrV	1	0.49
aRalbKwNrV	1	0.49
aRalqEKzrV	1	0.49
aRalqKLnrV	1	0.49
aRalvBEqrV	1	0.49
aRalvzpqrV	1	0.49
aRalzXZNrV	1	0.49
aRaw4E1qoV	1	0.49
aRaw7Z53oV	1	0.49
aRawB04DoV	1	0.49
aRawB8KnoV	1	0.49
aRawLDljoV	1	0.34
aRawLg0DoV	1	0.49
aRawNbLnoV	1	0.49
aRawQDlzoV	0	
aRawWqPkoV	1	0.49
aRawXKGkoV	1	0.49
aRawXwNloV	0	
aRawXzEboV	1	0.49
aRawelPloV	1	0.49
aRawl4vqoV	1	0.49
aRawlPPkoV	1	0.49
aRawlQGNoV	1	0.49
aRawqV6LoV	1	0.49
aRawyBNnoV	1	0.49
aRawyX8loV	1	0.49
aRawzX8noV	1	0.71
aoWV0Xz3OB	1	0.34
aoWV0zkXOB	1	0.49
aoWV41YXOB	1	0.71
aoWV57QjOB	1	0.49
aoWV5M9jOB	0	
aoWV8X0JOB	1	0.49
aoWVAWBJOB	1	0.49
aoWVN7GXOB	1	0.49
aoWVP7zMOB	1	0.49
aoWVPbmXOB	1	0.49
aoWVYMLmOB	1	0.49
aoWVZDl3OB	1	0.49
aoWVawBmOB	1	0.49
aoWVb7lbOB	1	0.49
aoWVbMWNOB	1	0.49
aoWVdPVbOB	1	0.49
aoWVgexNOB	1	0.49
aoWVjYEbOB	1	0.71
aoWVk8e3OB	1	0.49
aoWVkGqJOB	1	0.49
aoWVlPX5OB	1	0.49
aoWVmBkJOB	1	0.34
aoWVpvvqOB	1	0.49
aoWW09JboB	1	0.49
aoWW0jWgoB	1	0.34
aoWW32eMoB	1	0.49
aoWW3JqboB	1	0.49
aoWW3adgoB	1	0.49
aoWW3xpJoB	1	0.34
aoWW6LWqoB	1	0.49
aoWW79MNoB	1	0.49
aoWW7pkMoB	1	0.49
aoWWVDX5oB	1	0.49
aoWWVK9boB	1	0.49
aoWWWZ4MoB	1	0.49
aoWWWyLMoB	1	0.49
aoWWdA8NoB	1	0.49
aoWWdq75oB	1	0.49
aoWWe30boB	1	0.49
aoWWep7joB	1	0.49
aoWWeyXXoB	1	0.71
aoWWgWzgoB	1	0.49
aoWWgezgoB	1	0.49
aoWWglE5oB	1	0.49
aoWWkBz3oB	1	0.49
aoWWmL1joB	1	0.49
aoWWmY8JoB	1	0.49
aoWWp4gboB	1	0.49
aoWWp7qmoB	1	0.49
aoWWpKyNoB	1	0.49
aoWWwKVJoB	1	0.49
aoWg19MMoB	1	0.34
aoWg23DMoB	1	0.49
aoWg55xmoB	1	0.49
aoWg62wqoB	1	0.49
aoWgJ823oB	1	0.71
aoWgLYzMoB	1	0.49
aoWgM4NqoB	1	0.71
aoWgPMjqoB	1	0.49
aoWgXWjXoB	1	0.49
aoWgalbgoB	1	0.49
aoWgg9gboB	1	0.71
aoWgpLaqoB	1	0.49
aoWgqDMJoB	1	0.71
aoWgvyPXoB	1	0.49
aoWgwznqoB	1	0.49
aoWgzJwboB	1	0.49
aoWp0WmJrB	1	0.49
aoWp1ZlMrB	1	0.49
aoWp3WD3rB	1	0.49
aoWp3k4qrB	1	0.49
aoWp4ek3rB	1	0.49
aoWp6gPNrB	1	0.49
aoWp942mrB	1	0.49
aoWpBXYJrB	1	0.71
aoWpDjJbrB	1	0.49
aoWpDzy5rB	1	0.49
aoWpEwK5rB	1	0.49
aoWpMyqJrB	1	0.49
aoWpV9gJrB	1	0.49
aoWpYpPNrB	1	0.49
aoWpbAyMrB	1	0.49
aoWpbNy5rB	1	0.49
aoWpgEkgrB	1	0.49
aoWpgLkjrB	1	0.49
aoWpgpb5rB	1	0.49
aoWpj7EXrB	1	0.49
aoWpkKdjrB	1	0.49
aoWppvD3rB	1	0.49
aoWpqG8jrB	1	0.49
aoWpv8JbrB	1	0.49
bEow0D7lrq	1	0.34
bEow15bVRq	1	0.49
bEowEmbARq	1	0.49
bEowLL3Jrq	1	0.49
bEowQY4GRq	1	0.49
bEowQpNARq	1	0.49
bEowV7KWOq	1	0.49
bEowVNdZOq	1	0.71
bEowkz2Aoq	1	0.34
bEowp7Zrq1	1	0.49
bEowv2YyOq	0	
bEowwM4Loq	1	0.49
bEowwY0Loq	1	0.49
bEowwnMWoq	1	0.49
bEowwxgMoq	1	0.49
bOd46ejDOY	1	0.49
bOd46pZ8OY	1	0.49
bOd47q73OY	1	0.49
bOd4AYpeOY	1	0.49
bOd4EPgeOY	1	0.49
bOd4Eb2DOY	1	0.49
bOd4Ex2qOY	1	0.49
bOd4M941OY	1	0.49
bOd4ZP2POY	1	0.49
bOd4bGqqOY	1	0.49
bOd4bZp0OY	1	0.49
bOd4kWbeOY	1	0.49
bOd4kvk3OY	1	0.49
bOd4xENDOY	1	0.49
bOd4y6WMOY	1	0.34
bOd4ybW4OY	1	0.49
bOd70D4DRY	1	0.49
bOd71Ea1RY	1	0.49
bOd75JG1RY	1	0.49
bOd75PmeRY	1	0.49
bOd75nL0RY	1	0.49
bOd7JQP0RY	1	0.49
bOd7N3w8RY	1	0.49
bOd7XMbDRY	1	0.49
bOd7dDpDRY	1	0.49
bOd7dE00RY	1	0.49
bOd7djx8RY	1	0.49
bOd7nnE8RY	1	0.49
bOd7w3w0RY	1	0.49
bOd7x51MRY	1	0.49
bOdj3V7arY	1	0.49
bOdj3qqMrY	1	0.49
bOdj8xZ3rY	1	0.49
bOdj9mg8rY	1	0.49
bOdjW8gerY	1	0.49
bOdjXPAarY	1	0.49
bOdjdVb8rY	1	0.71
bOdjl8d8rY	1	0.49
bOdjz9w3rY	1	0.49
bOdz14aPrY	1	0.49
bOdz2pzerY	1	0.49
bOdz4318rY	1	0.49
bOdz6Qk1rY	1	0.49
bOdzBvN0rY	1	0.49
bOdzKJw8rY	1	0.49
bOdzKpyerY	1	0.49
bOdzQN3DrY	1	0.49
bOdzW8NPrY	1	0.49
bOdzWJmPrY	1	0.49
bOdzWbG1rY	1	0.49
bOdzaPYarY	1	0.49
bOdzewnMrY	1	0.49
bOdzyLJarY	1	0.49
bXo12kDEry	1	0.49
bXo13j7pRy	1	0.49
bXo151Y0oy	1	0.49
bXo168kDry	0	
bXo1Dg02Oy	1	0.49
bXo1Ke8kRy	1	0.49
bXo1LXBVOy	1	0.49
bXo1M6A2oy	1	0.49
bXo1NPb1ry	1	0.49
bXo1V03Dry	1	0.49
bXo1VP50ry	1	0.49
bXo1W5ekRy	1	0.49
bXo1X66pOy	1	0.49
bXo1Xqd2Oy	1	0.34
bXo1Xz60Oy	1	0.49
bXo1YPl2oy	1	0.49
bXo1ZL4Dry	1	0.49
bXo1d4xxOy	1	0.49
bXo1g02DRy	1	0.49
bXo1jZgjry	1	0.49
bXo1l3X0Oy	1	0.49
bXo1lDvxOy	1	0.49
bXo1lJlxOy	1	0.49
bgo64NVzRa	1	0.49
bgo68lMzRa	1	0.49
bgo6BN06oa	1	0.49
bgo6E2J6Oa	1	0.49
bgo6EX65Oa	1	0.49
bgo6EnNbOa	1	0.49
bgo6Ey3gOa	1	0.49
bgo6EzQ6Oa	1	0.49
bgo6MXwbOa	1	0.49
bgo6PeMgRa	1	0.34
bgo6QMayOa	1	0.49
bgo6X9dbRa	1	0.49
bgo6XWLbRa	1	0.49
bgo6XmagRa	1	0.49
bgo6eaJ6Oa	1	0.49
bgo6gv2yra	1	0.49
bgo6m1jgOa	1	0.49
bgo6nBLPoa	1	0.49
bgo6vvgyoa	1	0.49
bgo6wbv6ra	1	0.49
bgo6wygzra	1	0.49
bgo6yg4bOa	1	0.49
bgo6ykvqOa	1	0.49
dvrm04aao7	1	0.49
dvrm3LDAO7	1	0.49
dvrm4q4lo7	1	0.49
dvrm6kG2R7	1	0.34
dvrm6mbmR7	1	0.49
dvrm83n4o7	1	0.49
dvrmAwPLr7	1	0.49
dvrmBLalR7	1	0.49
dvrmEEmKr7	1	0.49
dvrmGqj4O7	0	
dvrmKAnLO7	1	0.49
dvrmKdlmO7	1	0.49
dvrmNGALR7	1	0.49
dvrmNlNmR7	1	0.71
dvrmQBbwr7	1	0.49
dvrmZ7daR7	1	0.49
dvrmaW04r7	1	0.49
dvrmjY34R7	1	0.49
dvrmke7lO7	1	0.49
dvrml7awo7	1	0.49
dvrmlWvwo7	1	0.71
dvrmlXXLo7	1	0.49
dvrmmGV2r7	1	0.49
dvrmqDdlr7	1	0.71
dvrmvEm4R7	1	0.49
dvrmveq2R7	1	0.49
dvrmvyWPR7	1	0.71
dvrmwb8AO7	1	0.49
dxoJ4DlZRQ	1	0.49
dxoJ9dN1OQ	1	0.49
dxoJAgamOQ	1	0.49
dxoJG2wprQ	1	0.49
dxoJJ12ZoQ	1	0.34
dxoJKDDmrQ	1	0.49
dxoJQl0GOQ	1	0.49
dxoJWbE2rQ	1	0.49
dxoJYmbZOQ	1	0.71
dxoJaXwmOQ	1	0.49
dxoJdZQ9RQ	1	0.49
dxoJgMjZrQ	1	0.49
dxoJgkB0rQ	1	0.49
dxoJgxxwrQ	1	0.49
dxoJgyb2rQ	1	0.49
dxoJjPlpoQ	1	0.49
dxoJjZN2oQ	1	0.49
dxoJjdl1oQ	1	0.71
dxoJjkkDoQ	1	0.34
dxoJkEpwrQ	1	0.71
dxoJkx8DrQ	1	0.49
dxoJlb9GRQ	1	0.71
dxoJnMKpoQ	1	0.49
dxoJq1LpOQ	1	0.49
dxoJv6XDoQ	1	0.49
e1oZ35NlrK	1	0.49
e1oZ5MbgOK	1	0.49
e1oZ6EMdoK	1	0.34
e1oZ8bbxRK	1	0.49
e1oZ8e8gRK	1	0.49
e1oZDGl3RK	1	0.49
e1oZE1W3OK	1	0.71
e1oZJQ86oK	1	0.49
e1oZZ2WoKL	1	0.49
e1oZyVK6OK	1	0.49
e1oZyn23OK	1	0.49
e1oZzvA6oK	1	0.49
eKoDAnzEr3	1	0.49
eKoDDKb1o3	1	0.49
eKoDG6JDO3	1	0.49
eKoDGlZnO3	1	0.49
eKoDJMyDR3	1	0.49
eKoDKe11O3	1	0.71
eKoDP9Yvo3	1	0.49
eKoDQqk1r3	1	0.78
eKoDV4NER3	1	0.49
eKoDVeZ1R3	1	0.49
eKoDXaW6o3	1	0.49
eKoDaNEvr3	1	0.49
eKoDaa8Er3	1	0.49
eKoDkJdEO3	1	0.34
eKoDnxkpR3	1	0.49
eKoDxNpo37	1	0.49
gJRE0ZeJrq	1	0.49
gJRE31Z1oq	1	0.49
gJRE44Bjrq	1	0.49
gJREAmaZRq	1	0.71
gJREDEWYrq	1	0.49
gJREGdPzoq	1	0.49
gJRELYYjrq	1	0.49
gJRELndYrq	1	0.49
gJREb8BmOq	1	0.49
gJREbZ2jOq	1	0.49
gJREbjqjOq	1	0.49
gJREmJLJRq	1	0.49
gJREmlEaRq	1	0.49
gJREmnY2Rq	1	0.49
gJREnYqmOq	1	0.49
gJREyJMPRq	1	0.49
gJREzyEYOq	1	0.49
gJoy2wdBr9	0	
gJoy3wwnR9	1	0.49
gJoy4djnO9	1	0.49
gJoy4yk0O9	1	0.49
gJoy8m7VO9	1	0.49
gJoy9d20o9	1	0.49
gJoyBqmLr9	1	0.49
gJoyD03nO9	1	0.49
gJoyE1Lo9W	1	0.49
gJoyG0BR9W	1	0.49
gJoyP8E7O9	1	0.34
gJoyP9b4O9	1	0.49
gJoyPlanO9	1	0.34
gJoyPzk7O9	1	0.49
gJoyWNJXR9	1	0.49
gJoyWePLR9	1	0.49
gJoyXlwkO9	1	0.49
gJoyZ0m0r9	1	0.49
gJoyZDJLr9	1	0.49
gJoyd5l4O9	1	0.49
gJoynyYXr9	1	0.49
gJoyy7Q7o9	1	0.71
gJoyyWk7o9	1	0.49
gJoyydGno9	1	0.49
go6205gmoa	1	0.71
go620Z1yoa	1	0.34
go622j65oa	1	0.49
go625d8yoa	1	0.49
go626g3yoa	1	0.49
go628xlqoa	1	0.49
go6290Vqoa	1	0.49
go62B5a6oa	1	0.49
go62GAPaoa	1	0.71
go62GlZzoa	1	0.71
go62J59goa	1	0.49
go62N5n6oa	1	0.49
go62P71Boa	1	0.49
go62Vp5aoa	1	0.49
go62VpZBoa	1	0.49
go62aM8moa	0	
go62mxzzoa	1	0.71
go62n6MPoa	1	0.49
go62pMWboa	1	0.71
go62qY7Boa	1	0.49
go62v8Gyoa	1	0.49
go640AgPRa	1	0.49
go6452GPRa	1	0.49
go64620qRa	1	0.49
go6477lPRa	1	0.49
go647ALgRa	1	0.71
go64BJBaRa	1	0.49
go64E2k6Ra	1	0.71
go64EW9gRa	1	0.71
go64KgWzRa	1	0.49
go64M9laRa	1	0.71
go64QKlbRa	1	0.49
go64V4n6Ra	1	0.71
go64YdJBRa	1	0.49
go64j2JyRa	0	
go64k5zbRa	0	
go64mGeaRa	1	0.49
go64nbdPRa	1	0.34
go64xlLPRa	1	0.49
go64ynxPRa	1	0.71
go6a6MNzOa	1	0.34
go6a7y6yOa	1	0.49
go6aGjVqOa	1	0.49
go6aP6qzOa	1	0.49
go6aVQjbOa	1	0.49
go6aVvebOa	1	0.49
go6aYqQbOa	1	0.49
go6aZLnbOa	1	0.49
go6aZNdyOa	1	0.49
go6aaqG5Oa	1	0.49
go6alJ2bOa	1	0.49
go6av7APOa	1	0.49
go6ax8N5Oa	1	0.49
go6e9BJyOa	0	
go6eJEpyOa	1	0.49
go6eW8B6Oa	0	
go6eWLkbOa	1	0.49
go6eWdPPOa	1	0.49
go6eeN8mOa	1	0.49
go6egwW5Oa	1	0.49
go6ev3xbOa	1	0.49
go6ev4AyOa	1	0.34
go6evAv6Oa	0	
go6evL4aOa	1	0.49
go6evL6qOa	1	0.49
go6ez2P6Oa	1	0.49
jR220kLQRM	1	0.49
jR2216bmRM	1	0.49
jR222b7ZRM	1	0.49
jR223jnMRM	1	0.49
jR226qYnRM	1	0.49
jR2277qNRM	1	0.49
jR22B6zPRM	1	0.49
jR22BA8NRM	1	0.49
jR22BgbMRM	1	0.49
jR22DyDnRM	1	0.49
jR22Dye8RM	1	0.49
jR22EbPnRM	1	0.49
jR22G09ZRM	1	0.49
jR22MJdZRM	1	0.49
jR22NZpmRM	1	0.49
jR22PVeMRM	1	0.71
jR22QgvmRM	1	0.49
jR22QjWNRM	1	0.49
jR22YEpWRM	1	0.49
jR22YV94RM	1	0.49
jR22e5Y4RM	1	0.49
jR2G0DZQOM	1	0.49
jR2G0pMMOM	1	0.49
jR2G27W8OM	1	0.71
jR2G36JWOM	1	0.49
jR2G9V58OM	1	0.49
jR2G9lE4OM	1	0.49
jR2GGab8OM	1	0.49
jR2GKW3POM	0	
jR2GKygNOM	1	0.49
jR2GV09KOM	1	0.49
jR2GWXn8OM	1	0.49
jR2GXDZ4OM	1	0.49
jR2GbD3WOM	1	0.49
jR2Gda8MOM	1	0.49
jR2Ge2ZmOM	1	0.49
jR2GeQZWOM	1	0.71
jR2GgM0KOM	1	0.49
jR2GkYVWOM	1	0.49
jR2GnbBQOM	1	0.49
jR2Gy2ZKOM	1	0.34
jR2GyaxQOM	1	0.49
jR2GygxNOM	1	0.49
jR2P2lMMoM	1	0.49
jR2P39mKoM	1	0.49
jR2P3nPPoM	1	0.49
jR2PD6pKoM	1	0.49
jR2PLXgmoM	1	0.49
jR2PNJkPoM	1	0.49
jR2PNp5ZoM	1	0.71
jR2PNpxmoM	0	
jR2PPMEZoM	1	0.34
jR2PZxX8oM	1	0.49
jR2Pdn7ZoM	1	0.49
jR2PdwlQoM	1	0.49
jR2Pk0lZoM	1	0.71
jR2PlzwWoM	1	0.78
jR2Pv7mKoM	1	0.49
jR2PvNlmoM	1	0.49
jR2PvVMMoM	1	0.49
jR2PvWdQoM	1	0.49
jR2PyKyZoM	1	0.34
jR2PymJmoM	1	0.49
jR2d2Q8QoM	1	0.49
jR2d429NoM	1	0.49
jR2d61jnoM	1	0.49
jR2dB99PoM	1	0.34
jR2dKb54oM	1	0.49
jR2dMPp4oM	1	0.49
jR2dQqKmoM	1	0.49
jR2dXj7MoM	1	0.49
jR2dXzl8oM	1	0.49
jR2dYvvnoM	1	0.49
jR2djBzMoM	1	0.49
jR2djwaMoM	1	0.49
jR2dpWB4oM	1	0.49
jR2dxw9noM	1	0.49
jR2dyykMoM	1	0.49
jr5JDz9QRd	1	0.49
jr5JMWNVRd	1	0.49
jr5JP4mlRd	0	
jr5JV34kRd	1	0.49
jr5JVwNQRd	1	0.49
jr5JZPklRd	1	0.49
jr5JdyeeRd	1	0.49
jr5JkLmnRd	1	0.49
jr5Jny82Rd	1	0.49
jr5Jy5EARd	1	0.49
jr5Y17GVrd	1	0.49
jr5Y34Y2rd	1	0.49
jr5YBzv2rd	1	0.49
jr5YGAyerd	1	0.49
jr5YMDewrd	1	0.49
jr5YMy6krd	1	0.71
jr5YPNNArd	0	
jr5YX61Qrd	1	0.49
jr5YX7enrd	1	0.49
jr5YaVxwrd	1	0.49
jr5YbpxQrd	1	0.49
jr5YqZlnrd	1	0.49
jr5YqjxLrd	1	0.49
jr5YwKQLrd	1	0.34
jr5Ywk5Vrd	0	
jr5YwkPlrd	1	0.49
jr5YyYv2rd	1	0.49
jr5Yyja2rd	1	0.49
jr5Yz1Mkrd	1	0.49
jr5eApVerd	1	1.26
jr5eBLBlrd	1	0.49
jr5eJvvwrd	1	0.49
jr5eP4k2rd	1	0.49
jr5ePL3lrd	1	0.49
jr5eQKyQrd	1	0.49
jr5eQN9krd	1	0.49
jr5eVzQlrd	1	0.34
jr5eZEbwrd	1	0.49
jr5ee0bnrd	0	
jr5eg2v2rd	1	0.71
jr5evKQnrd	1	0.71
jr5ewvYnrd	1	0.49
jr5exPQlrd	1	0.49
jr5ezQ6Qrd	1	0.49
jr5g0vPAOd	1	0.49
jr5g7mL9Od	1	0.49
jr5gGPPlOd	1	0.49
jr5gQzdwOd	1	0.49
jr5gXNM2Od	1	0.49
jr5gbAJnOd	1	0.49
jr5gbZynOd	1	0.49
jr5gdzJ9Od	1	0.49
jr5ggAk9Od	1	0.49
jr5gn63nOd	0	
jr5gpdKwOd	1	0.49
jr5gqGQ2Od	1	0.49
jr5gvpDQOd	1	0.49
jr5gwAN9Od	1	0.49
jr5gwg2wOd	1	0.34
jr5gxBW2Od	1	0.49
jr5gzVWwOd	1	0.71
kLob23Y4om	1	0.49
kLob39EZrm	1	0.49
kLob498pRm	1	0.49
kLob97xnOm	1	0.49
kLobA05ZOm	1	0.34
kLobAW1gOm	1	0.78
kLobAY6pOm	1	0.34
kLobE2nVOm	1	0.49
kLobGDV4rm	1	0.49
kLobGXGyrm	1	0.71
kLobKDylrm	1	0.49
kLobKPKgrm	1	0.71
kLobMA2pOm	1	0.49
kLobMANaOm	1	0.49
kLobMeAlOm	1	0.49
kLobMg1ZOm	1	0.49
kLobQK77Om	1	0.49
kLobWLZ7rm	1	0.49
kLobWNmarm	1	0.71
kLobYxxpOm	1	0.49
kLobZ9Ypom	1	0.49
kLobd9DZRm	1	0.49
kLobnmBgom	1	0.49
kLobxD2lRm	1	0.71
kLobxMAlRm	1	0.49
kOq20xYEoe	1	0.49
kOq26pD5oe	1	0.49
kOq2B2Lzoe	1	0.49
kOq2BDM0oe	1	0.49
kOq2Ba84oe	1	0.49
kOq2DbN8oe	1	0.49
kOq2J0D5oe	1	0.71
kOq2K2azoe	1	0.49
kOq2MQZ4oe	1	0.49
kOq2NLW1oe	1	0.49
kOq2P6egoe	1	0.49
kOq2Pb08oe	1	0.49
kOq2PmXgoe	1	0.71
kOq2V82Eoe	1	0.49
kOq2VJDzoe	0	
kOq2dMe0oe	1	0.49
kOq2j7V8oe	1	0.49
kOq2j7pzoe	1	0.49
kOq2j9w3oe	0	
kOq2ldL4oe	1	0.49
kOq2p8L3oe	1	0.34
kOq2qPD5oe	1	0.49
kOq2wz53oe	1	0.49
kOq2xXY8oe	1	0.49
kOqL23NkRe	1	0.49
kOqL2531Re	1	0.49
kOqL273ERe	1	0.49
kOqL2kzgRe	1	0.49
kOqL6KM3Re	1	0.49
kOqL7G65Re	1	0.49
kOqLE30pRe	1	0.49
kOqLLJ65Re	1	0.71
kOqLXdW8Re	1	0.49
kOqLXmApRe	1	0.49
kOqLYDD3Re	1	0.49
kOqLYbv1Re	1	0.49
kOqLYly0Re	1	0.49
kOqLZJkERe	1	0.49
kOqLZKJ4Re	1	0.49
kOqLZY51Re	1	0.49
kOqLZjjgRe	1	0.49
kOqLZwggRe	1	0.49
kOqLa1mgRe	1	0.49
kOqLd2M5Re	1	0.34
kOqLkGXzRe	1	0.49
kOqLlY74Re	1	0.49
kOqLlj11Re	1	0.49
kOqLnBL8Re	1	0.49
kOqLp2G1Re	1	0.49
kOqLy463Re	1	0.49
kOqLz0WpRe	0	
kOqLz7z1Re	1	0.49
kOqLzDq8Re	1	0.78
kOqa0M35Oe	1	0.49
kOqa2bn8Oe	1	0.49
kOqa3yW0Oe	1	0.49
kOqa55NgOe	1	0.49
kOqa5xwzOe	1	0.49
kOqa8EL8Oe	1	0.49
kOqaEn0zOe	1	0.49
kOqaP4BgOe	1	0.49
kOqaPBkEOe	1	0.49
kOqaVq2zOe	1	0.49
kOqaWgl8Oe	1	0.71
kOqaZVM1Oe	1	0.49
kOqad550Oe	1	0.49
kOqadDJEOe	1	0.71
kOqadMp4Oe	1	0.49
kOqaeZxkOe	1	0.49
kOqagXmzOe	1	0.49
kOqagaBgOe	1	0.49
kOqamexgOe	1	0.49
kOqawdx1Oe	1	0.49
kOqaxNd4Oe	1	0.49
kOqayKzzOe	1	0.49
kOqazYX4Oe	1	0.49
kOqz3XVzoe	1	0.49
kOqz3xV5oe	1	0.49
kOqz41j3oe	1	0.71
kOqz4mppoe	1	0.49
kOqz6Ln3oe	1	0.49
kOqz8Wl4oe	1	0.34
kOqz9ZQ1oe	1	0.49
kOqzDw94oe	1	0.49
kOqzJBM1oe	1	0.49
kOqzK7xgoe	1	0.49
kOqzLZV0oe	1	0.49
kOqzMPyzoe	1	0.49
kOqzMkDEoe	1	0.71
kOqzNj80oe	1	0.49
kOqzQjNkoe	1	0.78
kOqzYWN5oe	1	0.49
kOqzYg5Eoe	1	0.49
ko339nXAoN	1	0.49
ko33G8PkoN	1	0.49
ko33GLejoN	1	0.49
ko33QjY9oN	1	0.34
ko33kmd9oN	1	0.49
ko33l9avoN	1	0.34
ko33vb97oN	1	0.71
ko33y9a4oN	1	0.49
ko33ynZPoN	1	0.49
ko390Y4PRN	0	
ko3937M7RN	1	0.71
ko394ADaRN	1	0.49
ko396bE1RN	1	0.49
ko399DpjRN	1	0.49
ko399jQaRN	1	0.49
ko39BLd9RN	1	0.49
ko39DJn4RN	1	0.49
ko39E4B4RN	1	0.49
ko39EwnaRN	1	0.49
ko39JVW9RN	1	0.71
ko39MvJDRN	1	0.71
ko39N2a9RN	1	0.49
ko39Nv1ARN	1	0.49
ko39P6NkRN	1	0.49
ko39PY1aRN	1	0.49
ko39Q6B9RN	1	0.71
ko39V9a1RN	1	0.49
ko39WkBvRN	1	0.78
ko39ZDEvRN	1	0.49
ko39aZJjRN	1	0.49
ko39eXd4RN	1	0.49
ko39jZe7RN	1	0.49
ko39k0j7RN	1	0.49
ko39kvj9RN	1	0.49
ko39l684RN	1	0.49
ko39pQP4RN	1	0.49
ko39pVX9RN	1	0.49
ko39ym8jRN	1	0.49
ko3Q1q3PRN	1	0.49
ko3Q3g0vRN	0	
ko3Q6KBDRN	1	0.49
ko3Q6xKDRN	1	0.49
ko3Q7Mz9RN	1	0.34
ko3Q83nvRN	1	0.49
ko3QK9WvRN	1	0.49
ko3QVJZkRN	1	0.49
ko3QVn3jRN	1	0.49
ko3QXKy4RN	1	0.49
ko3QZ93DRN	1	0.49
ko3Qb66ARN	1	0.49
ko3QkzAvRN	1	0.49
ko3Ql2z1RN	1	0.71
ko3QmN3kRN	1	0.49
ko3Qp7GPRN	1	0.49
ko3QqZdjRN	1	0.71
ko3Qvaq7RN	1	0.49
ko3Qvqp9RN	1	0.49
ko3Qwwe7RN	1	0.49
ko3Qx1A9RN	1	0.49
ko3g9KgvoN	1	0.49
ko3g9WaPoN	1	0.71
ko3g9Yv9oN	1	0.49
ko3gA1XAoN	1	0.49
ko3gAEDaoN	1	0.49
ko3gAMX1oN	1	0.78
ko3gAzp7oN	1	0.49
ko3gBD0koN	1	0.49
ko3gBGl4oN	1	0.34
ko3gBe9PoN	1	0.49
ko3gBvQvoN	1	0.49
ko3gEv4aoN	1	0.34
ko3gGjx1oN	1	0.49
ko3gM2zaoN	1	0.49
ko3gMvyPoN	1	0.49
ko3gQ731oN	1	0.49
ko3gWB0koN	1	0.49
ko3gWzlaoN	1	0.49
ko3ga5ekoN	1	0.49
ko3gdMp9oN	1	0.49
ko3gdN6DoN	1	0.49
ko3gdj2joN	1	0.49
ko3gdplvoN	1	0.49
ko3ggL6aoN	1	0.34
ko3ggM8PoN	1	0.49
ko3gkDdvoN	1	0.49
ko3gkV6PoN	1	0.49
ko3gkkjkoN	1	0.49
ko3gkv8aoN	1	0.49
ko3gndXAoN	1	0.49
ko3gv5A7oN	1	0.49
laoW2BgXOB	1	0.49
laoW2mKNOB	1	0.71
laoW5YjJRB	1	0.49
laoW6kBjOB	1	0.49
laoW83ZNrB	1	0.49
laoW848MrB	1	0.71
laoW9GxXRB	1	0.71
laoWB8mgOB	1	0.49
laoWDkXqrB	1	0.49
laoWG49MoB	1	0.49
laoWG98joB	1	0.49
laoWJL3XOB	1	0.49
laoWJlGMOB	1	0.49
laoWKJmboB	1	0.49
laoWMWe5RB	1	0.49
laoWN8WNOB	1	0.34
laoWP6VJrB	1	0.49
laoWPgqqrB	1	0.49
laoWVmPNOB	1	0.49
laoWYYKbRB	1	0.49
laoWavwmRB	1	0.49
laoWg41qoB	1	0.49
laoWgykgoB	1	0.49
laoWgyp3oB	1	0.49
laoWj0m3OB	1	0.34
laoWjWLNOB	1	0.49
laoWkV3NoB	1	0.49
laoWpXqjrB	1	0.49
laoWqvWNRB	1	0.49
laoWw2VNoB	1	0.49
laoWzGMJOB	1	0.49
laoWzZYXOB	1	0.49
laoWzmdmOB	1	0.49
laoWzp55OB	1	0.49
laoWzzqXOB	1	0.49
mRX18gBLO3	1	0.49
mRX1BGkzO3	1	0.49
mRX1BxjzO3	1	0.49
mRX1DKEzO3	1	0.49
mRX1JaBVO3	1	0.49
mRX1MqlVO3	1	0.71
mRX1e2QGO3	1	0.49
mRX1e9xzO3	1	0.49
mRX1lgVVO3	1	0.49
mRX1qPnpO3	1	0.49
mRXJ1mnVo3	1	0.49
mRXJ1pbGo3	1	0.49
mRXJ1z6xo3	1	0.49
mRXJ5P7ko3	1	0.49
mRXJ5yNlo3	1	0.49
mRXJ6WEZo3	1	0.49
mRXJ7AgVo3	1	0.49
mRXJDPkko3	1	0.49
mRXJQJvVo3	1	0.49
mRXJVW6eo3	1	0.49
mRXJWNJZo3	1	0.49
mRXJZaWGo3	1	0.49
mRXJbn1ko3	1	0.49
mRXJjEVZo3	1	0.49
mRXJlKWLo3	1	0.34
mRXJpzwzo3	1	0.49
mRXJvpqlo3	1	0.49
mRXK21Kxr3	1	0.49
mRXK2LXZr3	1	0.49
mRXK4xQlr3	0	
mRXK7pELr3	1	0.49
mRXKAjwzr3	1	0.49
mRXKDGLgr3	1	0.71
mRXKE3EZr3	1	0.49
mRXKGjvzr3	1	0.71
mRXKLv5lr3	1	0.49
mRXKV7Jkr3	2	
mRXKVy7Gr3	1	0.49
mRXKZ7GVr3	1	0.34
mRXKZmVpr3	1	0.49
mRXKk7Egr3	1	0.49
mRXKkB8er3	1	0.49
mRXKmKxgr3	1	0.49
mRXKwY0Lr3	1	0.49
mRXg0eEVr3	1	0.71
mRXg3aVpr3	1	0.49
mRXg5Bqzr3	1	0.49
mRXg8kkGr3	1	0.49
mRXgJ81er3	0	
mRXgMMLkr3	1	0.49
mRXgY5wlr3	1	0.49
mRXgea8xr3	1	0.34
mRXgwzNgr3	1	0.49
mYoe2dYbrL	1	0.49
mYoe3KWpRL	1	0.49
mYoe4xzeOL	1	0.71
mYoe7wEpRL	1	0.49
mYoeAqALoL	1	0.49
mYoeDpLpOL	1	0.49
mYoeJj6XrL	1	0.49
mYoeKMkXRL	1	0.49
mYoeM8YEoL	1	0.49
mYoeMMaMoL	1	0.49
mYoePmWLOL	1	0.34
mYoeQv9poL	1	0.49
mYoeVlqqrL	1	0.49
mYoeaqnXoL	1	0.49
mYoeeNBLoL	1	0.49
mYoemGZeoL	1	0.71
mYoemWGpoL	0	
mYoepLV6OL	1	0.49
mYoeqwEoL5	1	0.49
mYoexVeXOL	1	0.49
mYoey8KLoL	1	0.49
mYoezwmErL	1	0.71
qQRMDbyzrY	0	
qQRMJ8zWOY	1	0.49
qQRMMV8YRY	1	0.49
qQRMMpvWRY	1	0.49
qQRMV6VpOY	1	0.49
qQRMVlgWOY	1	0.49
qQRMX03YrY	1	0.71
qQRMXagjrY	1	0.49
qQRMd06xrY	1	0.49
qQRMjBBYOY	1	0.49
qQRMk6QYoY	1	0.49
qQRMknmpoY	1	0.71
qQRMnx7mOY	1	0.49
qQRMpEwprY	1	0.49
qQRMpYYmrY	1	0.49
qQRMpZVjrY	1	0.49
qQRMvYGlOY	1	0.49
qQRMz2ZNOY	1	0.49
qQRMzN5YOY	1	0.49
v8OQ03q4RJ	1	0.49
v8OQ1km4OJ	1	0.49
v8OQ4LZ4RJ	1	0.49
v8OQ84LYRJ	1	0.49
v8OQ89JNRJ	1	0.34
v8OQ8b7eRJ	1	0.34
v8OQ9qxpOJ	1	0.49
v8OQAeBQOJ	1	0.49
v8OQXGaBRJ	1	0.49
v8OQexWpOJ	1	0.49
v8OQgbX4rJ	1	0.49
v8OQjDLnoJ	1	0.49
v8OQmKVQOJ	1	0.49
v8OQpXABRJ	1	0.49
v8OQqBg4OJ	1	0.49
v8OQqVMeOJ	1	0.71
v8OQqpDYOJ	1	0.49
v8OQzXm4oJ	1	0.49
v8OQzw4WoJ	0	
vrm10504r7	1	0.49
vrm12D8ar7	1	0.49
vrm12dGmr7	1	0.49
vrm14nM2r7	1	0.49
vrm16y8Lr7	0	
vrm185mKr7	1	0.49
vrm1D9bKr7	1	0.34
vrm1Je0Ar7	0	
vrm1KGbKr7	1	0.49
vrm1VkNKr7	1	0.49
vrm1ZpB2r7	1	0.49
vrm1Zzywr7	1	0.49
vrm1avGmr7	1	0.49
vrm1eb14r7	1	0.49
vrm1je4jr7	1	0.49
vrm1kgvjr7	1	0.49
vrm1lAeLr7	1	0.49
vrmB3AmlR7	1	0.49
vrmB3dlLR7	1	0.71
vrmB4l2PR7	1	0.49
vrmB4lkjR7	1	0.49
vrmB5JG2R7	1	0.49
vrmBJ5ElR7	0	
vrmBKDGaR7	1	0.71
vrmBa5xAR7	1	0.49
vrmBaJaaR7	1	0.49
vrmBb3WmR7	1	0.49
vrmBeqwLR7	0	
vrmBgJ4KR7	1	0.49
vrmBnbelR7	0	
vrmBpxM2R7	1	0.49
vrmBqj1PR7	1	0.49
vrmBqyywR7	1	0.49
vrmBvlnPR7	1	0.49
vrmBx6EKR7	1	0.49
vrmByKq4R7	1	0.49
vrmByYYjR7	1	0.49
vrmByk6mR7	1	0.49
vrma1qXwr7	1	0.49
vrma21war7	1	0.49
vrma260Pr7	1	0.49
vrmaA2DKr7	1	0.49
vrmaB0NPr7	1	0.34
vrmaBBVlr7	1	0.49
vrmaKGvwr7	1	0.49
vrmaKJWAr7	1	0.49
vrmaMzeLr7	1	0.49
vrmaV78Kr7	1	0.49
vrmaVWEar7	1	0.71
vrmaZPZLr7	1	0.49
vrmaaBejr7	1	0.71
vrmaaVY4r7	1	0.49
vrmavd22r7	1	0.49
vrmavmx4r7	1	0.49
vrmaweZKr7	1	0.49
vrmawwdar7	1	0.49
vrmaxLZar7	1	0.49
vrmaxpMlr7	1	0.49
vrmaxqKPr7	0	
vrmaz5A2r7	1	0.49
vrmazM14r7	1	0.49
vrmazjblr7	1	0.49
vrmz0K5AR7	1	0.49
vrmz3p4PR7	1	0.49
vrmz4VplR7	1	0.49
vrmz599PR7	1	0.71
vrmz5J6PR7	1	0.49
vrmz68LAR7	1	0.49
vrmzAbwAR7	1	0.49
vrmzEEAaR7	1	0.49
vrmzEXyPR7	1	0.49
vrmzGDdmR7	1	0.49
vrmzNQgwR7	1	0.49
vrmzNaj4R7	1	0.49
vrmzWQXPR7	1	0.34
vrmzWbjPR7	1	0.49
vrmzeNljR7	1	0.49
vrmzl2MPR7	1	0.34
vrmzlNgjR7	1	0.49
vrmznkg4R7	1	0.49
vrmzxwVlR7	1	0.49
vrmzyjGmR7	1	0.49
vrmzywjPR7	1	0.49
wjR20x5PoM	1	0.49
wjR213pQrM	1	0.49
wjR21k5nrM	1	0.49
wjR25JwWrM	1	0.49
wjR27DxnOM	1	0.71
wjR29MpQrM	1	0.49
wjR2APPQrM	1	0.49
wjR2BLAKRM	1	0.49
wjR2GJXMOM	1	0.34
wjR2GqJZOM	1	0.49
wjR2M79NrM	1	0.49
wjR2N8jPRM	1	0.49
wjR2NLe8RM	1	0.49
wjR2NmeQRM	1	0.49
wjR2VBAmRM	1	0.49
wjR2WadPOM	1	0.49
wjR2XAqKoM	1	0.49
wjR2Z5MNRM	1	0.49
wjR2ZDWPRM	1	0.49
wjR2ZWJ4RM	1	0.87
wjR2ZXJPRM	1	0.49
wjR2dZMnoM	1	0.49
wjR2eAyZrM	1	0.49
wjR2jBwKRM	1	0.34
wjR2k36KOM	1	0.49
wjR2nEBNRM	1	0.49
wjR2nVkKRM	1	0.49
wjR2vKP8RM	1	0.49
wjR2vQMQRM	1	0.49
wjR2yYp4rM	1	0.49
xoJW3B2mrQ	1	0.71
xoJW5Jx9rQ	1	0.49
xoJWDkkZrQ	1	0.71
xoJWLDjGrQ	1	0.49
xoJWLKYwrQ	1	0.49
xoJWLqVDrQ	1	0.71
xoJWNJWGrQ	1	0.49
xoJWNVBprQ	0	
xoJWPpQZrQ	1	0.71
xoJWZE8DrQ	1	0.49
xoJWZPQGrQ	1	0.49
xoJWZVgGrQ	1	0.49
xoJWZb72rQ	1	0.49
xoJWd7yDrQ	1	0.49
xoJWdgWZrQ	1	0.49
xoJWgBL9rQ	1	0.49
xoJWk2lDrQ	1	0.49
xoJWm6KmrQ	1	0.71
xoJWmjqwrQ	1	0.49
xoJWnpVZrQ	1	0.49
xoJWwBJDrQ	1	0.49
xoJWwGeZrQ	1	0.49
xoJk3VVGrQ	1	0.49
xoJk3b51rQ	1	0.49
xoJk5GgDrQ	1	0.34
xoJkB7g1rQ	1	0.49
xoJkLYpmrQ	1	0.49
xoJkMYLJrQ	1	0.49
xoJkNLJ9rQ	1	0.49
xoJkWppDrQ	1	0.71
xoJkgxDprQ	1	0.71
xoJkl4BGrQ	1	0.49
xoJkl9EDrQ	1	0.71
xoJklggDrQ	1	0.71
xoJklz20rQ	1	0.49
xoJkp4wGrQ	1	0.49
xoJp4q71RQ	1	0.49
xoJp4zp9RQ	1	0.49
xoJp6VzpRQ	1	0.49
xoJp6gX1RQ	1	0.49
xoJp8lXDRQ	1	0.49
xoJpAKM9RQ	1	0.49
xoJpEpvZRQ	1	0.49
xoJpGygJRQ	1	0.49
xoJpJ4WGRQ	1	0.49
xoJpQj7JRQ	1	0.49
xoJpWeM1RQ	1	0.49
xoJpY5j0RQ	1	0.49
xoJpdWEZRQ	1	0.49
xoJpmdMDRQ	1	0.49
xoJppgqJRQ	1	0.71
xoJpvN3JRQ	1	1.26
xoJpxGP9RQ	1	0.49
xoJx0pPZRQ	1	0.71
xoJx1wp1RQ	1	0.71
xoJx2yMGRQ	1	0.49
xoJx6l79RQ	1	0.49
xoJx763ZRQ	1	0.49
xoJx7aE0RQ	1	0.49
xoJx7kPpRQ	1	0.49
xoJx8Yq9RQ	1	0.49
xoJx9nmmRQ	1	0.34
xoJxAyVDRQ	1	0.49
xoJxDn0ZRQ	1	0.49
xoJxGy6wRQ	1	0.49
xoJxM7BJRQ	1	0.49
xoJxPZL1RQ	1	0.49
xoJxQ7VwRQ	1	0.49
xoJxVk71RQ	1	0.49
xoJxX7KJRQ	1	0.49
xoJxXXNwRQ	1	0.49
xoJxYMP2RQ	1	0.49
xoJxaneJRQ	1	0.49
xoJxglj0RQ	1	0.49
xoJxka0wRQ	1	0.49
xoJxlKWDRQ	1	0.71
xoJxmKE0RQ	1	0.34
xoJxnGE9RQ	1	0.49
xoJxnQqwRQ	1	0.49
xoJxnX9GRQ	1	0.49
xoJxp0e1RQ	1	0.49
xoJxqdbZRQ	1	0.71
xoJxvX1DRQ	1	0.49
xoJxxENDRQ	1	0.49
xoJxxnYDRQ	0	
y8Rk0a16Oj	1	0.49
y8Rk4aJwOj	1	0.49
y8Rk64Nnrj	1	0.49
y8Rk65ylrj	1	0.49
y8Rk6d56rj	1	0.49
y8Rk86p6Oj	1	0.49
y8Rk8aXlOj	1	0.49
y8Rk8zKwOj	1	0.49
y8RkDpJnOj	1	0.49
y8RkKAw6Rj	1	0.49
y8RkKEWwRj	1	0.49
y8RkMNq6oj	0	
y8RkMm5ojz	1	0.49
y8RkPAl0Oj	1	0.49
y8RkV008rj	1	0.49
y8RkWWnRjz	1	0.71
y8RkXvW6Oj	1	0.49
y8RkaDwwoj	1	0.49
y8RkaJd6oj	1	0.34
y8RkaNDnoj	1	0.49
y8RkjXq8rj	1	0.49
y8RknWb6rj	1	0.49
y8RkqBL2oj	1	0.49
y8RkvbQlrj	1	0.49
y8Rkx5G2Oj	1	0.78
y8RkyB88oj	1	0.49
yRL805zZR2	1	0.49
yRL80p4mR2	1	0.49
yRL86NLQR2	1	0.49
yRL87ZpQR2	1	0.49
yRL88jjPR2	1	0.49
yRL8KlBmR2	1	0.49
yRL8MelYR2	1	0.49
yRL8MpymR2	1	0.49
yRL8P7qGR2	1	0.49
yRL8WwLQR2	1	0.49
yRL8eZzYR2	1	0.49
yRL8lMJqR2	1	0.49
yRL8llYKR2	1	0.49
yRL8yE7KR2	1	0.49
yRL8yNaYR2	1	0.71
yRL8z0AGR2	1	0.49
yRLV240Yo2	1	0.49
yRLV39Gmo2	1	0.49
yRLV42G2o2	1	0.49
yRLV4Y8mo2	1	0.49
yRLV6LzGo2	1	0.49
yRLV7B8Yo2	1	0.49
yRLV7DgYo2	1	0.49
yRLVGJdqo2	1	0.49
yRLVK87mo2	1	0.49
yRLVL3n2o2	1	0.49
yRLVPblyo2	1	0.49
yRLVQ9bGo2	1	0.49
yRLVZYnyo2	1	0.49
yRLVdaZKo2	1	0.49
yRLVdekqo2	1	0.49
yRLVdqQGo2	0	
yRLVggPKo2	1	0.49
yRLVqZyqo2	1	0.71
yRLVvN1Yo2	1	0.34
yRLVxaZZo2	1	0.49
yRLVyDKqo2	1	0.49
yRLVzdVQo2	1	0.34
yRLVzqV2o2	1	0.49
yRLe1a92O2	1	0.49
yRLe2XbqO2	1	0.49
yRLe6YJLO2	1	0.71
yRLe7amKO2	1	0.49
yRLe8mYKO2	1	0.49
yRLeAj1PO2	1	0.49
yRLeAj9LO2	1	0.71
yRLeDK1mO2	1	0.71
yRLeE8pGO2	1	0.49
yRLeKgJqO2	1	0.49
yRLeLEY2O2	1	0.71
yRLeLmemO2	1	0.49
yRLeNdwKO2	1	0.49
yRLePd9QO2	1	0.49
yRLePjlYO2	1	0.71
yRLeZ76GO2	1	0.34
yRLejNKYO2	1	0.49
yRLelDlZO2	1	0.49
yRLepl1QO2	1	0.49
yRLeppMqO2	1	0.49
yRLeyGNmO2	1	0.49
yRLeylxGO2	0	
yRLy2a72O2	1	0.34
yRLy9dAmO2	1	0.49
yRLyBJGYO2	1	0.49
yRLyDQYLO2	1	0.49
yRLyDYWmO2	1	0.49
yRLyE01KO2	1	0.49
yRLyX6xZO2	1	0.49
yRLyY8GKO2	1	0.71
yRLyYBvGO2	1	0.71
yRLyZqjQO2	1	0.49
yRLyeJ9yO2	1	0.49
yRLypqL2O2	1	0.71
yRLyqbBmO2	1	0.49
yRLywq3PO2	1	0.34
yRLyyJ3GO2	1	0.49
yRLyyeaLO2	1	0.34
yRLyym5mO2	1	0.49
yRLyz8zqO2	1	0.49
yrvB2G3Ern	1	0.49
yrvB705wrn	1	0.49
yrvB8ynprn	1	0.49
yrvBKn2qrn	1	0.49
yrvBLLE0rn	1	0.71
yrvBYYAern	1	0.49
yrvBZKm9rn	1	0.49
yrvBZXBmrn	1	0.71
yrvBZXQmrn	1	0.49
yrvBZxAdrn	1	0.49
yrvBp6Vmrn	1	0.49
yrvBp7a0rn	1	0.49
yrvByyJ9rn	1	0.49
yrvBzvGprn	1	0.49
yrvBzy89rn	1	0.71
yrvM1VDeon	1	0.49
yrvMM8P9on	1	0.71
yrvMME6Eon	1	0.49
yrvMNnwnon	1	0.49
yrvMPZB9on	1	0.49
yrvMXX30on	1	0.49
yrvMXgw9on	1	0.49
yrvMl05Eon	1	0.49
yrvMzM9qon	1	0.49
yrvMzmdeon	1	0.49
yrvMzyppon	1	0.49
yrva0mgwon	1	0.49
yrvaQ5lEon	1	0.49
yrvaY1bqon	1	0.49
yrvaaNeeon	1	0.49
yrvakdkeon	1	0.49
yrvawGL0on	1	0.49
yrvawlAnon	1	0.49
yrvd0pxnOn	1	0.49
yrvd1zQ9On	1	0.49
yrvd3P0KOn	1	0.49
yrvd4ZwnOn	1	0.49
yrvd5KJqOn	0	
yrvd8YmwOn	1	0.49
yrvd9Xv0On	1	0.49
yrvdDebmOn	1	0.49
yrvdG3m0On	1	0.49
yrvdLG3nOn	1	0.49
yrvdLawpOn	1	0.49
yrvdW1E0On	1	0.71
yrvdZpYeOn	1	0.49
yrvdax29On	1	0.49
yrvdd0MmOn	1	0.49
yrvdeKMmOn	1	0.49
yrvdkDpEOn	1	0.78
yrvdkExdOn	1	0.49
yrvdkbDmOn	0	
yrvdlpleOn	1	0.49
yrvdpZQdOn	1	0.49
yrvdxpGKOn	1	0.49
zoV102qdOJ	1	0.49
zoV11YwDOJ	1	0.49
zoV12XLqOJ	1	0.49
zoV12eg6OJ	1	0.49
zoV15XpqOJ	1	0.49
zoV16AyzOJ	1	0.49
zoV17KZ8OJ	1	0.34
zoV1AkJnOJ	1	0.49
zoV1N5XnOJ	1	0.49
zoV1NpMnOJ	1	0.49
zoV1Q7PpOJ	1	0.71
zoV1QJPzOJ	1	0.71
zoV1QqzGOJ	1	0.49
zoV1ng18OJ	1	0.49
zoV1yLn6OJ	1	0.49
zoV1zZKdOJ	1	0.49
zoVP04KqRJ	1	0.49
zoVP0dlzRJ	1	0.49
zoVP0wW6RJ	1	0.49
zoVP3XwpRJ	1	0.49
zoVP3enGRJ	1	0.49
zoVP45wzRJ	1	0.49
zoVP9Y5qRJ	1	0.49
zoVP9j6GRJ	1	0.49
zoVPK5A8RJ	1	0.49
zoVPNMwZRJ	1	0.49
zoVPV7jGRJ	1	0.71
zoVPVp66RJ	1	0.71
zoVPgLJDRJ	1	0.49
zoVPm9XDRJ	1	0.49
zoVPq1jBRJ	1	0.49
zoVPwdxDRJ	1	0.49
zoVPxApBRJ	1	0.71
zoVPzwVqRJ	1	0.34
zoVd0PAdRJ	1	0.49
zoVd0XGdRJ	1	0.49
zoVd2ndzRJ	1	0.49
zoVd5QGZRJ	0	
zoVd905GRJ	1	0.49
zoVdBPvzRJ	1	0.49
zoVdBYBBRJ	1	0.49
zoVdE6B8RJ	1	0.49
zoVdKjxnRJ	1	0.34
zoVdLkqdRJ	1	0.49
zoVdQgNDRJ	1	0.71
zoVddP5pRJ	1	0.49
zoVdqY2GRJ	1	0.49
zoVdxBGZRJ	1	0.71
zoVy2p3dOJ	1	0.49
zoVy6X8DOJ	1	0.49
zoVy91jnOJ	1	0.49
zoVyAQWnOJ	1	0.49
zoVyDeZqOJ	1	0.71
zoVyNEadOJ	1	0.49
zoVyV79DOJ	1	0.49
zoVyVqqGOJ	0	
zoVyY6VBOJ	1	0.49
zoVyq59ZOJ	1	0.49
zoVyqKmGOJ	1	0.49
zoVyqjazOJ	1	0.49
zoVyvZQ6OJ	1	0.49
zoVywLJBOJ	1	0.49
zoVyx2gZOJ	1	0.49
zoVyz3B6OJ	1	0.34
zr8329wqom	1	0.49
zr832Dzlom	1	0.71
zr833EPlom	0	
zr835eKaom	1	0.49
zr837JLlom	1	0.49
zr83ANQ3om	1	0.49
zr83DYE1om	1	0.49
zr83DwLvom	1	0.34
zr83EGjlom	0	
zr83GYJqom	1	0.49
zr83KQ7vom	1	0.49
zr83KlV1om	1	0.71
zr83M4p3om	1	0.49
zr83MwJaom	1	0.49
zr83V1L7om	1	0.49
zr83aAblom	1	0.49
zr83jZW1om	1	0.49
zr83jw72om	1	0.71
zr83lGqlom	1	0.49
zr83lN8aom	1	0.49
zr83mv9aom	1	0.49
zr83p6d1om	1	0.49
zr83qmmlom	1	0.49
zr83xZdqom	1	0.49
zr83z2e6om	1	0.34
zr83zp17om	1	0.49
zr882pZ6rm	1	0.49
zr8832marm	1	0.49
zr8837B1rm	1	0.49
zr883BJlrm	1	0.34
zr883Bnqrm	1	0.49
zr883Dllrm	1	0.49
zr883Vz1rm	1	0.49
zr888pKqrm	1	0.49
zr8892Jvrm	1	0.49
zr889zQjrm	1	0.49
zr88Emp2rm	1	0.49
zr88MKkqrm	1	0.49
zr88Mvnarm	1	0.49
zr88Q4N7rm	1	0.34
zr88VBbarm	1	0.49
zr88VMJ6rm	1	0.49
zr88VWJ2rm	1	0.49
zr88YDmvrm	1	0.49
zr88Ygplrm	1	0.49
zr88ZDg1rm	1	0.49
zr88Znjqrm	1	0.71
zr88qwQzrm	1	0.49
zr88v0p7rm	1	0.49
zr88v5W1rm	1	0.49
zr88vbV2rm	1	0.34
zr88vm03rm	1	0.49
zr88x92vrm	1	0.34
zr8G0bklom	1	0.49
zr8G0d82om	1	0.71
zr8G3nVvom	1	0.49
zr8G4VDjom	1	0.49
zr8G6p56om	1	0.49
zr8G8a53om	1	0.49
zr8G9wglom	1	0.49
zr8GGnevom	1	0.49
zr8GLDB7om	1	0.49
zr8GMYP3om	1	0.49
zr8GP2Yaom	1	0.34
zr8GPW2zom	1	0.49
zr8GPev6om	1	0.49
zr8GVqwaom	0	
zr8GX9mlom	1	0.49
zr8GZ0l3om	1	0.49
zr8GbQezom	1	0.49
zr8GdMk6om	1	0.34
zr8Ge2Eaom	1	0.49
zr8GeLyvom	1	0.49
zr8GejAjom	1	0.49
zr8Gew93om	1	0.71
zr8GkMD1om	1	0.34
zr8Glzgzom	1	0.49
zr8GmqLaom	1	0.49
zr8Gxdylom	1	0.49
zr8Gxyg7om	1	0.49
zr8Gy9Vzom	1	0.49
zr8GzjV2om	1	0.78
zr8w25qjom	1	0.49
zr8w2ZP3om	1	0.49
zr8w317lom	1	0.49
zr8w33Jzom	1	0.49
zr8w344qom	1	0.49
zr8w3mx3om	1	0.49
zr8w4x3jom	1	0.49
zr8w56Nzom	1	0.49
zr8w7EXaom	1	0.49
zr8wBq4aom	1	0.49
zr8wEe7lom	1	0.49
zr8wGEpaom	1	0.49
zr8wKQ22om	1	0.49
zr8wMn1qom	1	0.49
zr8wN6Yjom	1	0.49
zr8wPpwjom	1	0.71
zr8wXz4aom	1	0.49
zr8wY6E1om	1	0.34
zr8waa81om	1	0.49
zr8weJkzom	1	0.49
zr8weM1qom	1	0.49
zr8wjpLaom	1	0.49
zr8wkAJ6om	1	0.49
zr8wkAklom	1	0.49
zr8wvw8zom	1	0.49
zr8wz4E1om	1	0.49
